Workbook

Sheet Front Page
A1: Author:
A2: Steelux
A4: Issues:
A5: Machine naming conventions: Chemical Reactor, Large Chemical Reactor or LCR? Mixer, Industrial Mixing Machine or IMM?
A6: There's a difference between singles and multis, and both need to be easily identifiable, but not all acronyms are known
A7: Whether it's a single or a multi, it has to be clear which one it is

Sheet Item List
A1: Item | B1: GT Tier Number | C1: Importance | D1: Rarity
A2: 1,2-Dimethylbenzene | B2: 1 | C2: 3 | D2: 2
A3: 1,3-Dimethylbenzene | B3: 1 | C3: 3 | D3: 2
A4: 1,4-Dimethylbenzene | B4: 1 | C4: 3 | D4: 2
A5: Acetic Acid | B5: 1 | C5: 4 | D5: 2
A6: Acetone | B6: 1 | C6: 4 | D6: 2
A7: Acidic Iridium Solution | B7: 1 | C7: 3 | D7: 2
A8: Acidic Osmium Solution | B8: 1 | C8: 3 | D8: 2
A9: Aluminium Ingot | B9: 1 | C9: 3 | D9: 2
A10: Aluminium Foil | B10: 1 | C10: 3 | D10: 2
A11: Aluminium Frame Box | B11: 1 | C11: 3 | D11: 2
A12: Ammonia | B12: 3 | C12: 5 | D12: 2
A13: Ammonium Bifluoride | B13: 1 | C13: 3 | D13: 2
... A258: Sulfur Dust | B258: 1 | C258: 3 | D258: 2

Sheet Machine List
A1: Machine | B1: Parallel Count | C1: Speed Modifier | D1: Energy Modifier | E1: Multi Type | F1: Single Energy Hatch | G1: Needs to Craft | H1: Starting Cost | I1: Machine Cost
A2: Alloy Blast Smelter | B2: 1 | C2: 1 | D2: 1 | E2: Multi | F2: No | G2: T2 Rocket | H2: =IF(G2="Tier", "Tier", IFNA(VLOOKUP(G2,'Machine Helper Sheet'!$B$2:$D$16,3,FALSE), IF(ISNUMBER(VLOOKUP(G2,$A$2:$I$200,9,FALSE)), VLOOKUP(G2,$A$2:$I$200,8,FALSE)+VLOOKUP(G2,$A$2:$I$200,9,FALSE), 0 ) ) ) -> 1105511 | I2: 300000
A3: Alloy Smelter | B3: 1 | C3: 1 | D3: 1 | E3: Single | F3: No | G3: Tier | H3: =IF(G3="Tier", "Tier", IFNA(VLOOKUP(G3,'Machine Helper Sheet'!$B$2:$D$16,3,FALSE), IF(ISNUMBER(VLOOKUP(G3,$A$2:$I$200,9,FALSE)), VLOOKUP(G3,$A$2:$I$200,8,FALSE)+VLOOKUP(G3,$A$2:$I$200,9,FALSE), 0 ) ) ) -> Tier | I3: 1T
A4: Arc Furnace | B4: 1 | C4: 1 | D4: 1 | E4: Single | F4: No | G4: Tier | H4: =IF(G4="Tier", "Tier", IFNA(VLOOKUP(G4,'Machine Helper Sheet'!$B$2:$D$16,3,FALSE), IF(ISNUMBER(VLOOKUP(G4,$A$2:$I$200,9,FALSE)), VLOOKUP(G4,$A$2:$I$200,8,FALSE)+VLOOKUP(G4,$A$2:$I$200,9,FALSE), 0 ) ) ) -> Tier | I4: 1T
A5: Assembling Line | B5: 1 | C5: 1 | D5: 1 | E5: Multi | F5: No | G5: Tier | H5: =IF(G5="Tier", "Tier", IFNA(VLOOKUP(G5,'Machine Helper Sheet'!$B$2:$D$16,3,FALSE), IF(ISNUMBER(VLOOKUP(G5,$A$2:$I$200,9,FALSE)), VLOOKUP(G5,$A$2:$I$200,8,FALSE)+VLOOKUP(G5,$A$2:$I$200,9,FALSE), 0 ) ) ) -> Tier | I5: 10000000
A6: Assembling Machine | B6: 1 | C6: 1 | D6: 1 | E6: Single | F6: No | G6: Tier | H6: =IF(G6="Tier", "Tier", IFNA(VLOOKUP(G6,'Machine Helper Sheet'!$B$2:$D$16,3,FALSE), IF(ISNUMBER(VLOOKUP(G6,$A$2:$I$200,9,FALSE)), VLOOKUP(G6,$A$2:$I$200,8,FALSE)+VLOOKUP(G6,$A$2:$I$200,9,FALSE), 0 ) ) ) -> Tier | I6: 2T
A7: Autoclave | B7: 1 | C7: 1 | D7: 1 | E7: Single | F7: No | G7: Tier | H7: =IF(G7="Tier", "Tier", IFNA(VLOOKUP(G7,'Machine Helper Sheet'!$B$2:$D$16,3,FALSE), IF(ISNUMBER(VLOOKUP(G7,$A$2:$I$200,9,FALSE)), VLOOKUP(G7,$A$2:$I$200,8,FALSE)+VLOOKUP(G7,$A$2:$I$200,9,FALSE), 0 ) ) ) -> Tier | I7: 1T
A8: Bending Machine | B8: 1 | C8: 1 | D8: 1 | E8: Single | F8: No | G8: Tier | H8: =IF(G8="Tier", "Tier", IFNA(VLOOKUP(G8,'Machine Helper Sheet'!$B$2:$D$16,3,FALSE), IF(ISNUMBER(VLOOKUP(G8,$A$2:$I$200,9,FALSE)), VLOOKUP(G8,$A$2:$I$200,8,FALSE)+VLOOKUP(G8,$A$2:$I$200,9,FALSE), 0 ) ) ) -> Tier | I8: 1T
A9: Brewery | B9: 1 | C9: 1 | D9: 1 | E9: Single | F9: No | G9: Tier | H9: =IF(G9="Tier", "Tier", IFNA(VLOOKUP(G9,'Machine Helper Sheet'!$B$2:$D$16,3,FALSE), IF(ISNUMBER(VLOOKUP(G9,$A$2:$I$200,9,FALSE)), VLOOKUP(G9,$A$2:$I$200,8,FALSE)+VLOOKUP(G9,$A$2:$I$200,9,FALSE), 0 ) ) ) -> Tier | I9: 1T
A10: Canning Machine | B10: 1 | C10: 1 | D10: 1 | E10: Single | F10: No | G10: Tier | H10: =IF(G10="Tier", "Tier", IFNA(VLOOKUP(G10,'Machine Helper Sheet'!$B$2:$D$16,3,FALSE), IF(ISNUMBER(VLOOKUP(G10,$A$2:$I$200,9,FALSE)), VLOOKUP(G10,$A$2:$I$200,8,FALSE)+VLOOKUP(G10,$A$2:$I$200,9,FALSE), 0 ) ) ) -> Tier | I10: 1T
A11: Centrifuge | B11: 1 | C11: 1 | D11: 1 | E11: Single | F11: No | G11: Tier | H11: =IF(G11="Tier", "Tier", IFNA(VLOOKUP(G11,'Machine Helper Sheet'!$B$2:$D$16,3,FALSE), IF(ISNUMBER(VLOOKUP(G11,$A$2:$I$200,9,FALSE)), VLOOKUP(G11,$A$2:$I$200,8,FALSE)+VLOOKUP(G11,$A$2:$I$200,9,FALSE), 0 ) ) ) -> Tier | I11: 1T
A12: Chemical Bath | B12: 1 | C12: 1 | D12: 1 | E12: Single | F12: No | G12: Tier | H12: =IF(G12="Tier", "Tier", IFNA(VLOOKUP(G12,'Machine Helper Sheet'!$B$2:$D$16,3,FALSE), IF(ISNUMBER(VLOOKUP(G12,$A$2:$I$200,9,FALSE)), VLOOKUP(G12,$A$2:$I$200,8,FALSE)+VLOOKUP(G12,$A$2:$I$200,9,FALSE), 0 ) ) ) -> Tier | I12: 1T
A13: Chemical Reactor | B13: 1 | C13: 1 | D13: 1 | E13: Single | F13: No | G13: Tier | H13: =IF(G13="Tier", "Tier", IFNA(VLOOKUP(G13,'Machine Helper Sheet'!$B$2:$D$16,3,FALSE), IF(ISNUMBER(VLOOKUP(G13,$A$2:$I$200,9,FALSE)), VLOOKUP(G13,$A$2:$I$200,8,FALSE)+VLOOKUP(G13,$A$2:$I$200,9,FALSE), 0 ) ) ) -> Tier | I13: 1T
A14: Compressor | B14: 1 | C14: 1 | D14: 1 | E14: Single | F14: No | G14: Tier | H14: =IF(G14="Tier", "Tier", IFNA(VLOOKUP(G14,'Machine Helper Sheet'!$B$2:$D$16,3,FALSE), IF(ISNUMBER(VLOOKUP(G14,$A$2:$I$200,9,FALSE)), VLOOKUP(G14,$A$2:$I$200,8,FALSE)+VLOOKUP(G14,$A$2:$I$200,9,FALSE), 0 ) ) ) -> Tier | I14: 1T
A15: Cutting Machine | B15: 1 | C15: 1 | D15: 1 | E15: Single | F15: No | G15: Tier | H15: =IF(G15="Tier", "Tier", IFNA(VLOOKUP(G15,'Machine Helper Sheet'!$B$2:$D$16,3,FALSE), IF(ISNUMBER(VLOOKUP(G15,$A$2:$I$200,9,FALSE)), VLOOKUP(G15,$A$2:$I$200,8,FALSE)+VLOOKUP(G15,$A$2:$I$200,9,FALSE), 0 ) ) ) -> Tier | I15: 1T
A16: Cyclotron | B16: 1 | C16: 1 | D16: 1 | E16: Multi | F16: No | G16: Tier | H16: =IF(G16="Tier", "Tier", IFNA(VLOOKUP(G16,'Machine Helper Sheet'!$B$2:$D$16,3,FALSE), IF(ISNUMBER(VLOOKUP(G16,$A$2:$I$200,9,FALSE)), VLOOKUP(G16,$A$2:$I$200,8,FALSE)+VLOOKUP(G16,$A$2:$I$200,9,FALSE), 0 ) ) ) -> Tier | I16: 1T
A17: Dehydrator | B17: 1 | C17: 1 | D17: 1 | E17: Single | F17: No | G17: Tier | H17: =IF(G17="Tier", "Tier", IFNA(VLOOKUP(G17,'Machine Helper Sheet'!$B$2:$D$16,3,FALSE), IF(ISNUMBER(VLOOKUP(G17,$A$2:$I$200,9,FALSE)), VLOOKUP(G17,$A$2:$I$200,8,FALSE)+VLOOKUP(G17,$A$2:$I$200,9,FALSE), 0 ) ) ) -> Tier | I17: 1T
... A19: Distillery | B19: 1 | C19: 1 | D19: 1 | E19: Single | F19: No | G19: Tier | H19: =IF(G19="Tier", "Tier", IFNA(VLOOKUP(G19,'Machine Helper Sheet'!$B$2:$D$16,3,FALSE), IF(ISNUMBER(VLOOKUP(G19,$A$2:$I$200,9,FALSE)), VLOOKUP(G19,$A$2:$I$200,8,FALSE)+VLOOKUP(G19,$A$2:$I$200,9,FALSE), 0 ) ) ) -> Tier | I19: 1T
A20: EBF | B20: 1 | C20: 1 | D20: 1 | E20: Multi | F20: No | G20: Tier | H20: =IF(G20="Tier", "Tier", IFNA(VLOOKUP(G20,'Machine Helper Sheet'!$B$2:$D$16,3,FALSE), IF(ISNUMBER(VLOOKUP(G20,$A$2:$I$200,9,FALSE)), VLOOKUP(G20,$A$2:$I$200,8,FALSE)+VLOOKUP(G20,$A$2:$I$200,9,FALSE), 0 ) ) ) -> Tier | I20: 1000
A21: Electric Furnace | B21: 1 | C21: 1 | D21: 1 | E21: Single | F21: No | G21: Tier | H21: =IF(G21="Tier", "Tier", IFNA(VLOOKUP(G21,'Machine Helper Sheet'!$B$2:$D$16,3,FALSE), IF(ISNUMBER(VLOOKUP(G21,$A$2:$I$200,9,FALSE)), VLOOKUP(G21,$A$2:$I$200,8,FALSE)+VLOOKUP(G21,$A$2:$I$200,9,FALSE), 0 ) ) ) -> Tier | I21: 1T
A22: Electrolyzer | B22: 1 | C22: 1 | D22: 1 | E22: Single | F22: No | G22: Tier | H22: =IF(G22="Tier", "Tier", IFNA(VLOOKUP(G22,'Machine Helper Sheet'!$B$2:$D$16,3,FALSE), IF(ISNUMBER(VLOOKUP(G22,$A$2:$I$200,9,FALSE)), VLOOKUP(G22,$A$2:$I$200,8,FALSE)+VLOOKUP(G22,$A$2:$I$200,9,FALSE), 0 ) ) ) -> Tier | I22: 1T
A23: Electromagnetic Separator | B23: 1 | C23: 1 | D23: 1 | E23: Single | F23: No | G23: Tier | H23: =IF(G23="Tier", "Tier", IFNA(VLOOKUP(G23,'Machine Helper Sheet'!$B$2:$D$16,3,FALSE), IF(ISNUMBER(VLOOKUP(G23,$A$2:$I$200,9,FALSE)), VLOOKUP(G23,$A$2:$I$200,8,FALSE)+VLOOKUP(G23,$A$2:$I$200,9,FALSE), 0 ) ) ) -> Tier | I23: 1T
A24: Extractor | B24: 1 | C24: 1 | D24: 1 | E24: Single | F24: No | G24: Tier | H24: =IF(G24="Tier", "Tier", IFNA(VLOOKUP(G24,'Machine Helper Sheet'!$B$2:$D$16,3,FALSE), IF(ISNUMBER(VLOOKUP(G24,$A$2:$I$200,9,FALSE)), VLOOKUP(G24,$A$2:$I$200,8,FALSE)+VLOOKUP(G24,$A$2:$I$200,9,FALSE), 0 ) ) ) -> Tier | I24: 1T
A25: Extruder | B25: 1 | C25: 1 | D25: 1 | E25: Single | F25: No | G25: Tier | H25: =IF(G25="Tier", "Tier", IFNA(VLOOKUP(G25,'Machine Helper Sheet'!$B$2:$D$16,3,FALSE), IF(ISNUMBER(VLOOKUP(G25,$A$2:$I$200,9,FALSE)), VLOOKUP(G25,$A$2:$I$200,8,FALSE)+VLOOKUP(G25,$A$2:$I$200,9,FALSE), 0 ) ) ) -> Tier | I25: 1T
A26: Fermenter | B26: 1 | C26: 1 | D26: 1 | E26: Single | F26: No | G26: Tier | H26: =IF(G26="Tier", "Tier", IFNA(VLOOKUP(G26,'Machine Helper Sheet'!$B$2:$D$16,3,FALSE), IF(ISNUMBER(VLOOKUP(G26,$A$2:$I$200,9,FALSE)), VLOOKUP(G26,$A$2:$I$200,8,FALSE)+VLOOKUP(G26,$A$2:$I$200,9,FALSE), 0 ) ) ) -> Tier | I26: 1T
A27: Fluid Canner | B27: 1 | C27: 1 | D27: 1 | E27: Single | F27: No | G27: Tier | H27: =IF(G27="Tier", "Tier", IFNA(VLOOKUP(G27,'Machine Helper Sheet'!$B$2:$D$16,3,FALSE), IF(ISNUMBER(VLOOKUP(G27,$A$2:$I$200,9,FALSE)), VLOOKUP(G27,$A$2:$I$200,8,FALSE)+VLOOKUP(G27,$A$2:$I$200,9,FALSE), 0 ) ) ) -> Tier | I27: 1T
A28: Fluid Extractor | B28: 1 | C28: 1 | D28: 1 | E28: Single | F28: No | G28: Tier | H28: =IF(G28="Tier", "Tier", IFNA(VLOOKUP(G28,'Machine Helper Sheet'!$B$2:$D$16,3,FALSE), IF(ISNUMBER(VLOOKUP(G28,$A$2:$I$200,9,FALSE)), VLOOKUP(G28,$A$2:$I$200,8,FALSE)+VLOOKUP(G28,$A$2:$I$200,9,FALSE), 0 ) ) ) -> Tier | I28: 1T
A29: Fluid Heater | B29: 1 | C29: 1 | D29: 1 | E29: Single | F29: No | G29: Tier | H29: =IF(G29="Tier", "Tier", IFNA(VLOOKUP(G29,'Machine Helper Sheet'!$B$2:$D$16,3,FALSE), IF(ISNUMBER(VLOOKUP(G29,$A$2:$I$200,9,FALSE)), VLOOKUP(G29,$A$2:$I$200,8,FALSE)+VLOOKUP(G29,$A$2:$I$200,9,FALSE), 0 ) ) ) -> Tier | I29: 1T
A30: Fluid Solidifier | B30: 1 | C30: 1 | D30: 1 | E30: Single | F30: No | G30: Tier | H30: =IF(G30="Tier", "Tier", IFNA(VLOOKUP(G30,'Machine Helper Sheet'!$B$2:$D$16,3,FALSE), IF(ISNUMBER(VLOOKUP(G30,$A$2:$I$200,9,FALSE)), VLOOKUP(G30,$A$2:$I$200,8,FALSE)+VLOOKUP(G30,$A$2:$I$200,9,FALSE), 0 ) ) ) -> Tier | I30: 1T
A31: Forge Hammer | B31: 1 | C31: 1 | D31: 1 | E31: Single | F31: No | G31: Tier | H31: =IF(G31="Tier", "Tier", IFNA(VLOOKUP(G31,'Machine Helper Sheet'!$B$2:$D$16,3,FALSE), IF(ISNUMBER(VLOOKUP(G31,$A$2:$I$200,9,FALSE)), VLOOKUP(G31,$A$2:$I$200,8,FALSE)+VLOOKUP(G31,$A$2:$I$200,9,FALSE), 0 ) ) ) -> Tier | I31: 1T
A32: Forming Press | B32: 1 | C32: 1 | D32: 1 | E32: Single | F32: No | G32: Tier | H32: =IF(G32="Tier", "Tier", IFNA(VLOOKUP(G32,'Machine Helper Sheet'!$B$2:$D$16,3,FALSE), IF(ISNUMBER(VLOOKUP(G32,$A$2:$I$200,9,FALSE)), VLOOKUP(G32,$A$2:$I$200,8,FALSE)+VLOOKUP(G32,$A$2:$I$200,9,FALSE), 0 ) ) ) -> Tier | I32: 1T
A33: GT++ 9-in-1 | B33: 2T | C33: 3.5 | D33: 0.8 | E33: Multi | F33: No | G33: Alloy Blast Smelter | H33: =IF(G33="Tier", "Tier", IFNA(VLOOKUP(G33,'Machine Helper Sheet'!$B$2:$D$16,3,FALSE), IF(ISNUMBER(VLOOKUP(G33,$A$2:$I$200,9,FALSE)), VLOOKUP(G33,$A$2:$I$200,8,FALSE)+VLOOKUP(G33,$A$2:$I$200,9,FALSE), 0 ) ) ) -> 1405511 | I33: 1000000
A34: GT++ Alloy Smelter Multi | B34: 1T*C | C34: 1 + 0.05C | D34: 1 | E34: Multi | F34: No | G34: Alloy Blast Smelter | H34: =IF(G34="Tier", "Tier", IFNA(VLOOKUP(G34,'Machine Helper Sheet'!$B$2:$D$16,3,FALSE), IF(ISNUMBER(VLOOKUP(G34,$A$2:$I$200,9,FALSE)), VLOOKUP(G34,$A$2:$I$200,8,FALSE)+VLOOKUP(G34,$A$2:$I$200,9,FALSE), 0 ) ) ) -> 1405511 | I34: 1T
A35: GT++ Bender/Press Multi | B35: 4T | C35: 6 | D35: 1 | E35: Multi | F35: No | G35: T1 Rocket | H35: =IF(G35="Tier", "Tier", IFNA(VLOOKUP(G35,'Machine Helper Sheet'!$B$2:$D$16,3,FALSE), IF(ISNUMBER(VLOOKUP(G35,$A$2:$I$200,9,FALSE)), VLOOKUP(G35,$A$2:$I$200,8,FALSE)+VLOOKUP(G35,$A$2:$I$200,9,FALSE), 0 ) ) ) -> 105511 | I35: 40000
A36: GT++ Centrifuge Multi | B36: 6T | C36: 2.25 | D36: 0.9 | E36: Multi | F36: No | G36: T1 Rocket | H36: =IF(G36="Tier", "Tier", IFNA(VLOOKUP(G36,'Machine Helper Sheet'!$B$2:$D$16,3,FALSE), IF(ISNUMBER(VLOOKUP(G36,$A$2:$I$200,9,FALSE)), VLOOKUP(G36,$A$2:$I$200,8,FALSE)+VLOOKUP(G36,$A$2:$I$200,9,FALSE), 0 ) ) ) -> 105511 | I36: 25000
A37: GT++ Chisel Multi | B37: 16T | C37: 3 | D37: 0.75 | E37: Multi | F37: No | G37: Alloy Blast Smelter | H37: =IF(G37="Tier", "Tier", IFNA(VLOOKUP(G37,'Machine Helper Sheet'!$B$2:$D$16,3,FALSE), IF(ISNUMBER(VLOOKUP(G37,$A$2:$I$200,9,FALSE)), VLOOKUP(G37,$A$2:$I$200,8,FALSE)+VLOOKUP(G37,$A$2:$I$200,9,FALSE), 0 ) ) ) -> 1405511 | I37: 1T
A38: GT++ Coke Oven | B38: 24 | C38: 1 | D38: 0.75 | E38: Multi | F38: No | G38: Alloy Blast Smelter | H38: =IF(G38="Tier", "Tier", IFNA(VLOOKUP(G38,'Machine Helper Sheet'!$B$2:$D$16,3,FALSE), IF(ISNUMBER(VLOOKUP(G38,$A$2:$I$200,9,FALSE)), VLOOKUP(G38,$A$2:$I$200,8,FALSE)+VLOOKUP(G38,$A$2:$I$200,9,FALSE), 0 ) ) ) -> 1405511 | I38: 20000
A39: GT++ Cutting Machine Multi | B39: 4T | C39: 3 | D39: 0.75 | E39: Multi | F39: No | G39: Alloy Blast Smelter | H39: =IF(G39="Tier", "Tier", IFNA(VLOOKUP(G39,'Machine Helper Sheet'!$B$2:$D$16,3,FALSE), IF(ISNUMBER(VLOOKUP(G39,$A$2:$I$200,9,FALSE)), VLOOKUP(G39,$A$2:$I$200,8,FALSE)+VLOOKUP(G39,$A$2:$I$200,9,FALSE), 0 ) ) ) -> 1405511 | I39: 130000
A40: GT++ DT Tier 1 | B40: 4 | C40: 3.5 | D40: 1 | E40: Multi | F40: No | G40: Alloy Blast Smelter | H40: =IF(G40="Tier", "Tier", IFNA(VLOOKUP(G40,'Machine Helper Sheet'!$B$2:$D$16,3,FALSE), IF(ISNUMBER(VLOOKUP(G40,$A$2:$I$200,9,FALSE)), VLOOKUP(G40,$A$2:$I$200,8,FALSE)+VLOOKUP(G40,$A$2:$I$200,9,FALSE), 0 ) ) ) -> 1405511 | I40: 1T
A41: GT++ DT Tier 2 | B41: 12 | C41: 3.5 | D41: 1 | E41: Multi | F41: No | G41: Alloy Blast Smelter | H41: =IF(G41="Tier", "Tier", IFNA(VLOOKUP(G41,'Machine Helper Sheet'!$B$2:$D$16,3,FALSE), IF(ISNUMBER(VLOOKUP(G41,$A$2:$I$200,9,FALSE)), VLOOKUP(G41,$A$2:$I$200,8,FALSE)+VLOOKUP(G41,$A$2:$I$200,9,FALSE), 0 ) ) ) -> 1405511 | I41: 1T
A42: GT++ Distillery Multi Tier 1 | B42: 4T | C42: 2 | D42: 0.15 | E42: Multi | F42: No | G42: Alloy Blast Smelter | H42: =IF(G42="Tier", "Tier", IFNA(VLOOKUP(G42,'Machine Helper Sheet'!$B$2:$D$16,3,FALSE), IF(ISNUMBER(VLOOKUP(G42,$A$2:$I$200,9,FALSE)), VLOOKUP(G42,$A$2:$I$200,8,FALSE)+VLOOKUP(G42,$A$2:$I$200,9,FALSE), 0 ) ) ) -> 1405511 | I42: 3000000+500(7O-5)
A43: GT++ Distillery Multi Tier 2 | B43: 8T | C43: 2 | D43: 0.15 | E43: Multi | F43: No | G43: Alloy Blast Smelter | H43: =IF(G43="Tier", "Tier", IFNA(VLOOKUP(G43,'Machine Helper Sheet'!$B$2:$D$16,3,FALSE), IF(ISNUMBER(VLOOKUP(G43,$A$2:$I$200,9,FALSE)), VLOOKUP(G43,$A$2:$I$200,8,FALSE)+VLOOKUP(G43,$A$2:$I$200,9,FALSE), 0 ) ) ) -> 1405511 | I43: 3000000+500(7O-5)
A44: GT++ Electrolyzer Multi | B44: 2T | C44: 2.8 | D44: 0.9 | E44: Multi | F44: No | G44: T2 Rocket | H44: =IF(G44="Tier", "Tier", IFNA(VLOOKUP(G44,'Machine Helper Sheet'!$B$2:$D$16,3,FALSE), IF(ISNUMBER(VLOOKUP(G44,$A$2:$I$200,9,FALSE)), VLOOKUP(G44,$A$2:$I$200,8,FALSE)+VLOOKUP(G44,$A$2:$I$200,9,FALSE), 0 ) ) ) -> 1105511 | I44: 200000
A45: GT++ Extruder Multi | B45: 4T | C45: 3.5 | D45: 1 | E45: Multi | F45: No | G45: T2 Rocket | H45: =IF(G45="Tier", "Tier", IFNA(VLOOKUP(G45,'Machine Helper Sheet'!$B$2:$D$16,3,FALSE), IF(ISNUMBER(VLOOKUP(G45,$A$2:$I$200,9,FALSE)), VLOOKUP(G45,$A$2:$I$200,8,FALSE)+VLOOKUP(G45,$A$2:$I$200,9,FALSE), 0 ) ) ) -> 1105511 | I45: 230000
A46: GT++ Fluid Heater Multi | B46: 8T | C46: 2.2 | D46: 0.9 | E46: Multi | F46: No | G46: Alloy Blast Smelter | H46: =IF(G46="Tier", "Tier", IFNA(VLOOKUP(G46,'Machine Helper Sheet'!$B$2:$D$16,3,FALSE), IF(ISNUMBER(VLOOKUP(G46,$A$2:$I$200,9,FALSE)), VLOOKUP(G46,$A$2:$I$200,8,FALSE)+VLOOKUP(G46,$A$2:$I$200,9,FALSE), 0 ) ) ) -> 1405511 | I46: 300000
A47: GT++ Forge Hammer Multi | B47: 8T | C47: 2 | D47: 1 | E47: Multi | F47: No | G47: Alloy Blast Smelter | H47: =IF(G47="Tier", "Tier", IFNA(VLOOKUP(G47,'Machine Helper Sheet'!$B$2:$D$16,3,FALSE), IF(ISNUMBER(VLOOKUP(G47,$A$2:$I$200,9,FALSE)), VLOOKUP(G47,$A$2:$I$200,8,FALSE)+VLOOKUP(G47,$A$2:$I$200,9,FALSE), 0 ) ) ) -> 1405511 | I47: 310000
A48: GT++ Large Heat Exchanger | B48: 1 | C48: 32 | D48: 1 | E48: Multi | F48: No | G48: Assembling Line | H48: =IF(G48="Tier", "Tier", IFNA(VLOOKUP(G48,'Machine Helper Sheet'!$B$2:$D$16,3,FALSE), IF(ISNUMBER(VLOOKUP(G48,$A$2:$I$200,9,FALSE)), VLOOKUP(G48,$A$2:$I$200,8,FALSE)+VLOOKUP(G48,$A$2:$I$200,9,FALSE), 0 ) ) ) -> 11105511 | I48: 6670000
A49: GT++ Macerator Multi Tier 1 | B49: 2T | C49: 1.6 | D49: 1 | E49: Multi | F49: No | G49: T1 Rocket | H49: =IF(G49="Tier", "Tier", IFNA(VLOOKUP(G49,'Machine Helper Sheet'!$B$2:$D$16,3,FALSE), IF(ISNUMBER(VLOOKUP(G49,$A$2:$I$200,9,FALSE)), VLOOKUP(G49,$A$2:$I$200,8,FALSE)+VLOOKUP(G49,$A$2:$I$200,9,FALSE), 0 ) ) ) -> 105511 | I49: 1T
A50: GT++ Macerator Multi Tier 2 | B50: 8T | C50: 1.6 | D50: 1 | E50: Multi | F50: No | G50: Alloy Blast Smelter | H50: =IF(G50="Tier", "Tier", IFNA(VLOOKUP(G50,'Machine Helper Sheet'!$B$2:$D$16,3,FALSE), IF(ISNUMBER(VLOOKUP(G50,$A$2:$I$200,9,FALSE)), VLOOKUP(G50,$A$2:$I$200,8,FALSE)+VLOOKUP(G50,$A$2:$I$200,9,FALSE), 0 ) ) ) -> 1405511 | I50: 1T
A51: GT++ Mixer Multi | B51: 8T | C51: 3.5 | D51: 1 | E51: Multi | F51: No | G51: T2 Rocket | H51: =IF(G51="Tier", "Tier", IFNA(VLOOKUP(G51,'Machine Helper Sheet'!$B$2:$D$16,3,FALSE), IF(ISNUMBER(VLOOKUP(G51,$A$2:$I$200,9,FALSE)), VLOOKUP(G51,$A$2:$I$200,8,FALSE)+VLOOKUP(G51,$A$2:$I$200,9,FALSE), 0 ) ) ) -> 1105511 | I51: 250000
A52: GT++ Packager Multi | B52: 16T | C52: 6 | D52: 0.75 | E52: Multi | F52: No | G52: Alloy Blast Smelter | H52: =IF(G52="Tier", "Tier", IFNA(VLOOKUP(G52,'Machine Helper Sheet'!$B$2:$D$16,3,FALSE), IF(ISNUMBER(VLOOKUP(G52,$A$2:$I$200,9,FALSE)), VLOOKUP(G52,$A$2:$I$200,8,FALSE)+VLOOKUP(G52,$A$2:$I$200,9,FALSE), 0 ) ) ) -> 1405511 | I52: 1T
A53: GT++ Rock Breaker Multi | B53: 8T | C53: 3 | D53: 0.75 | E53: Multi | F53: No | G53: Alloy Blast Smelter | H53: =IF(G53="Tier", "Tier", IFNA(VLOOKUP(G53,'Machine Helper Sheet'!$B$2:$D$16,3,FALSE), IF(ISNUMBER(VLOOKUP(G53,$A$2:$I$200,9,FALSE)), VLOOKUP(G53,$A$2:$I$200,8,FALSE)+VLOOKUP(G53,$A$2:$I$200,9,FALSE), 0 ) ) ) -> 1405511 | I53: 1T
A54: GT++ Sifter Multi | B54: 4T | C54: 5 | D54: 0.75 | E54: Multi | F54: No | G54: Alloy Blast Smelter | H54: =IF(G54="Tier", "Tier", IFNA(VLOOKUP(G54,'Machine Helper Sheet'!$B$2:$D$16,3,FALSE), IF(ISNUMBER(VLOOKUP(G54,$A$2:$I$200,9,FALSE)), VLOOKUP(G54,$A$2:$I$200,8,FALSE)+VLOOKUP(G54,$A$2:$I$200,9,FALSE), 0 ) ) ) -> 1405511 | I54: 3000
A55: GT++ Thermal Centrifuge Multi | B55: 8T | C55: 2.5 | D55: 0.8 | E55: Multi | F55: No | G55: T1 Rocket | H55: =IF(G55="Tier", "Tier", IFNA(VLOOKUP(G55,'Machine Helper Sheet'!$B$2:$D$16,3,FALSE), IF(ISNUMBER(VLOOKUP(G55,$A$2:$I$200,9,FALSE)), VLOOKUP(G55,$A$2:$I$200,8,FALSE)+VLOOKUP(G55,$A$2:$I$200,9,FALSE), 0 ) ) ) -> 105511 | I55: 1T
A56: GT++ Washer/Chem Bath Multi | B56: 4T | C56: 5 | D56: 1 | E56: Multi | F56: No | G56: T1 Rocket | H56: =IF(G56="Tier", "Tier", IFNA(VLOOKUP(G56,'Machine Helper Sheet'!$B$2:$D$16,3,FALSE), IF(ISNUMBER(VLOOKUP(G56,$A$2:$I$200,9,FALSE)), VLOOKUP(G56,$A$2:$I$200,8,FALSE)+VLOOKUP(G56,$A$2:$I$200,9,FALSE), 0 ) ) ) -> 105511 | I56: 1T
A57: GT++ Wiremill Multi | B57: 4T | C57: 3 | D57: 0.75 | E57: Multi | F57: No | G57: T2 Rocket | H57: =IF(G57="Tier", "Tier", IFNA(VLOOKUP(G57,'Machine Helper Sheet'!$B$2:$D$16,3,FALSE), IF(ISNUMBER(VLOOKUP(G57,$A$2:$I$200,9,FALSE)), VLOOKUP(G57,$A$2:$I$200,8,FALSE)+VLOOKUP(G57,$A$2:$I$200,9,FALSE), 0 ) ) ) -> 1105511 | I57: 1T
A58: Large Heat Exchanger | B58: 1 | C58: 1 | D58: 1 | E58: Multi | F58: No | G58: Tier | H58: =IF(G58="Tier", "Tier", IFNA(VLOOKUP(G58,'Machine Helper Sheet'!$B$2:$D$16,3,FALSE), IF(ISNUMBER(VLOOKUP(G58,$A$2:$I$200,9,FALSE)), VLOOKUP(G58,$A$2:$I$200,8,FALSE)+VLOOKUP(G58,$A$2:$I$200,9,FALSE), 0 ) ) ) -> Tier | I58: 1T
A59: Lathe | B59: 1 | C59: 1 | D59: 1 | E59: Single | F59: No | G59: Tier | H59: =IF(G59="Tier", "Tier", IFNA(VLOOKUP(G59,'Machine Helper Sheet'!$B$2:$D$16,3,FALSE), IF(ISNUMBER(VLOOKUP(G59,$A$2:$I$200,9,FALSE)), VLOOKUP(G59,$A$2:$I$200,8,FALSE)+VLOOKUP(G59,$A$2:$I$200,9,FALSE), 0 ) ) ) -> Tier | I59: 1T
A60: LCR | B60: 1 | C60: 1 | D60: 1 | E60: Multi | F60: No | G60: Tier | H60: =IF(G60="Tier", "Tier", IFNA(VLOOKUP(G60,'Machine Helper Sheet'!$B$2:$D$16,3,FALSE), IF(ISNUMBER(VLOOKUP(G60,$A$2:$I$200,9,FALSE)), VLOOKUP(G60,$A$2:$I$200,8,FALSE)+VLOOKUP(G60,$A$2:$I$200,9,FALSE), 0 ) ) ) -> Tier | I60: 4000
A61: LFTR | B61: 1 | C61: 1 | D61: 1 | E61: Multi | F61: No | G61: Tier | H61: =IF(G61="Tier", "Tier", IFNA(VLOOKUP(G61,'Machine Helper Sheet'!$B$2:$D$16,3,FALSE), IF(ISNUMBER(VLOOKUP(G61,$A$2:$I$200,9,FALSE)), VLOOKUP(G61,$A$2:$I$200,8,FALSE)+VLOOKUP(G61,$A$2:$I$200,9,FALSE), 0 ) ) ) -> Tier | I61: 1T
A62: Macerator | B62: 1 | C62: 1 | D62: 1 | E62: Single | F62: No | G62: Tier | H62: =IF(G62="Tier", "Tier", IFNA(VLOOKUP(G62,'Machine Helper Sheet'!$B$2:$D$16,3,FALSE), IF(ISNUMBER(VLOOKUP(G62,$A$2:$I$200,9,FALSE)), VLOOKUP(G62,$A$2:$I$200,8,FALSE)+VLOOKUP(G62,$A$2:$I$200,9,FALSE), 0 ) ) ) -> Tier | I62: 1T
A63: Mass Fabricator | B63: 1 | C63: 1 | D63: 1 | E63: Single | F63: No | G63: Tier | H63: =IF(G63="Tier", "Tier", IFNA(VLOOKUP(G63,'Machine Helper Sheet'!$B$2:$D$16,3,FALSE), IF(ISNUMBER(VLOOKUP(G63,$A$2:$I$200,9,FALSE)), VLOOKUP(G63,$A$2:$I$200,8,FALSE)+VLOOKUP(G63,$A$2:$I$200,9,FALSE), 0 ) ) ) -> Tier | I63: 1T
A64: Mega Alloy Blast Smelter | B64: 256 | C64: 1 | D64: 1 | E64: Multi | F64: No | G64: Tier | H64: =IF(G64="Tier", "Tier", IFNA(VLOOKUP(G64,'Machine Helper Sheet'!$B$2:$D$16,3,FALSE), IF(ISNUMBER(VLOOKUP(G64,$A$2:$I$200,9,FALSE)), VLOOKUP(G64,$A$2:$I$200,8,FALSE)+VLOOKUP(G64,$A$2:$I$200,9,FALSE), 0 ) ) ) -> Tier | I64: 1T
A65: Microwave | B65: 1 | C65: 1 | D65: 1 | E65: Single | F65: No | G65: Tier | H65: =IF(G65="Tier", "Tier", IFNA(VLOOKUP(G65,'Machine Helper Sheet'!$B$2:$D$16,3,FALSE), IF(ISNUMBER(VLOOKUP(G65,$A$2:$I$200,9,FALSE)), VLOOKUP(G65,$A$2:$I$200,8,FALSE)+VLOOKUP(G65,$A$2:$I$200,9,FALSE), 0 ) ) ) -> Tier | I65: 1T
A66: Mixer | B66: 1 | C66: 1 | D66: 1 | E66: Single | F66: No | G66: Tier | H66: =IF(G66="Tier", "Tier", IFNA(VLOOKUP(G66,'Machine Helper Sheet'!$B$2:$D$16,3,FALSE), IF(ISNUMBER(VLOOKUP(G66,$A$2:$I$200,9,FALSE)), VLOOKUP(G66,$A$2:$I$200,8,FALSE)+VLOOKUP(G66,$A$2:$I$200,9,FALSE), 0 ) ) ) -> Tier | I66: 1T
A67: Nuclear Salt Processing Plant | B67: 2T | C67: 2.5 | D67: 1 | E67: Multi | F67: No | G67: Tier | H67: =IF(G67="Tier", "Tier", IFNA(VLOOKUP(G67,'Machine Helper Sheet'!$B$2:$D$16,3,FALSE), IF(ISNUMBER(VLOOKUP(G67,$A$2:$I$200,9,FALSE)), VLOOKUP(G67,$A$2:$I$200,8,FALSE)+VLOOKUP(G67,$A$2:$I$200,9,FALSE), 0 ) ) ) -> Tier | I67: 1T
A68: Oil Cracking Unit | B68: 1 | C68: 1 | D68: 1 | E68: Multi | F68: No | G68: Tier | H68: =IF(G68="Tier", "Tier", IFNA(VLOOKUP(G68,'Machine Helper Sheet'!$B$2:$D$16,3,FALSE), IF(ISNUMBER(VLOOKUP(G68,$A$2:$I$200,9,FALSE)), VLOOKUP(G68,$A$2:$I$200,8,FALSE)+VLOOKUP(G68,$A$2:$I$200,9,FALSE), 0 ) ) ) -> Tier | I68: 13500 + 16C
A69: Ore Washing Plant | B69: 1 | C69: 1 | D69: 1 | E69: Single | F69: No | G69: Tier | H69: =IF(G69="Tier", "Tier", IFNA(VLOOKUP(G69,'Machine Helper Sheet'!$B$2:$D$16,3,FALSE), IF(ISNUMBER(VLOOKUP(G69,$A$2:$I$200,9,FALSE)), VLOOKUP(G69,$A$2:$I$200,8,FALSE)+VLOOKUP(G69,$A$2:$I$200,9,FALSE), 0 ) ) ) -> Tier | I69: 1T
A70: Packager | B70: 1 | C70: 1 | D70: 1 | E70: Single | F70: No | G70: Tier | H70: =IF(G70="Tier", "Tier", IFNA(VLOOKUP(G70,'Machine Helper Sheet'!$B$2:$D$16,3,FALSE), IF(ISNUMBER(VLOOKUP(G70,$A$2:$I$200,9,FALSE)), VLOOKUP(G70,$A$2:$I$200,8,FALSE)+VLOOKUP(G70,$A$2:$I$200,9,FALSE), 0 ) ) ) -> Tier | I70: 1T
A71: Polarizer | B71: 1 | C71: 1 | D71: 1 | E71: Single | F71: No | G71: Tier | H71: =IF(G71="Tier", "Tier", IFNA(VLOOKUP(G71,'Machine Helper Sheet'!$B$2:$D$16,3,FALSE), IF(ISNUMBER(VLOOKUP(G71,$A$2:$I$200,9,FALSE)), VLOOKUP(G71,$A$2:$I$200,8,FALSE)+VLOOKUP(G71,$A$2:$I$200,9,FALSE), 0 ) ) ) -> Tier | I71: 1T
A72: Printer | B72: 1 | C72: 1 | D72: 1 | E72: Single | F72: No | G72: Tier | H72: =IF(G72="Tier", "Tier", IFNA(VLOOKUP(G72,'Machine Helper Sheet'!$B$2:$D$16,3,FALSE), IF(ISNUMBER(VLOOKUP(G72,$A$2:$I$200,9,FALSE)), VLOOKUP(G72,$A$2:$I$200,8,FALSE)+VLOOKUP(G72,$A$2:$I$200,9,FALSE), 0 ) ) ) -> Tier | I72: 1T
A73: Reactor Fuel Processing Plant | B73: 1 | C73: 1 | D73: 1 | E73: Multi | F73: No | G73: Tier | H73: =IF(G73="Tier", "Tier", IFNA(VLOOKUP(G73,'Machine Helper Sheet'!$B$2:$D$16,3,FALSE), IF(ISNUMBER(VLOOKUP(G73,$A$2:$I$200,9,FALSE)), VLOOKUP(G73,$A$2:$I$200,8,FALSE)+VLOOKUP(G73,$A$2:$I$200,9,FALSE), 0 ) ) ) -> Tier | I73: 1T
A74: Recycler | B74: 1 | C74: 1 | D74: 1 | E74: Single | F74: No | G74: Tier | H74: =IF(G74="Tier", "Tier", IFNA(VLOOKUP(G74,'Machine Helper Sheet'!$B$2:$D$16,3,FALSE), IF(ISNUMBER(VLOOKUP(G74,$A$2:$I$200,9,FALSE)), VLOOKUP(G74,$A$2:$I$200,8,FALSE)+VLOOKUP(G74,$A$2:$I$200,9,FALSE), 0 ) ) ) -> Tier | I74: 1T
A75: Replicator | B75: 1 | C75: 1 | D75: 1 | E75: Single | F75: No | G75: Tier | H75: =IF(G75="Tier", "Tier", IFNA(VLOOKUP(G75,'Machine Helper Sheet'!$B$2:$D$16,3,FALSE), IF(ISNUMBER(VLOOKUP(G75,$A$2:$I$200,9,FALSE)), VLOOKUP(G75,$A$2:$I$200,8,FALSE)+VLOOKUP(G75,$A$2:$I$200,9,FALSE), 0 ) ) ) -> Tier | I75: 1T
A76: Rock Breaker | B76: 1 | C76: 1 | D76: 1 | E76: Single | F76: No | G76: Tier | H76: =IF(G76="Tier", "Tier", IFNA(VLOOKUP(G76,'Machine Helper Sheet'!$B$2:$D$16,3,FALSE), IF(ISNUMBER(VLOOKUP(G76,$A$2:$I$200,9,FALSE)), VLOOKUP(G76,$A$2:$I$200,8,FALSE)+VLOOKUP(G76,$A$2:$I$200,9,FALSE), 0 ) ) ) -> Tier | I76: 1T
A77: Scanner | B77: 1 | C77: 1 | D77: 1 | E77: Single | F77: No | G77: Tier | H77: =IF(G77="Tier", "Tier", IFNA(VLOOKUP(G77,'Machine Helper Sheet'!$B$2:$D$16,3,FALSE), IF(ISNUMBER(VLOOKUP(G77,$A$2:$I$200,9,FALSE)), VLOOKUP(G77,$A$2:$I$200,8,FALSE)+VLOOKUP(G77,$A$2:$I$200,9,FALSE), 0 ) ) ) -> Tier | I77: 1T
A78: Sifting Machine | B78: 1 | C78: 1 | D78: 1 | E78: Single | F78: No | G78: Tier | H78: =IF(G78="Tier", "Tier", IFNA(VLOOKUP(G78,'Machine Helper Sheet'!$B$2:$D$16,3,FALSE), IF(ISNUMBER(VLOOKUP(G78,$A$2:$I$200,9,FALSE)), VLOOKUP(G78,$A$2:$I$200,8,FALSE)+VLOOKUP(G78,$A$2:$I$200,9,FALSE), 0 ) ) ) -> Tier | I78: 1T
A79: Sparge Tower | B79: 1 | C79: 1 | D79: 1 | E79: Multi | F79: No | G79: Tier | H79: =IF(G79="Tier", "Tier", IFNA(VLOOKUP(G79,'Machine Helper Sheet'!$B$2:$D$16,3,FALSE), IF(ISNUMBER(VLOOKUP(G79,$A$2:$I$200,9,FALSE)), VLOOKUP(G79,$A$2:$I$200,8,FALSE)+VLOOKUP(G79,$A$2:$I$200,9,FALSE), 0 ) ) ) -> Tier | I79: 1T
... A82: Unpackager | B82: 1 | C82: 1 | D82: 1 | E82: Single | F82: No | G82: Tier | H82: =IF(G82="Tier", "Tier", IFNA(VLOOKUP(G82,'Machine Helper Sheet'!$B$2:$D$16,3,FALSE), IF(ISNUMBER(VLOOKUP(G82,$A$2:$I$200,9,FALSE)), VLOOKUP(G82,$A$2:$I$200,8,FALSE)+VLOOKUP(G82,$A$2:$I$200,9,FALSE), 0 ) ) ) -> Tier | I82: 1T
A83: Volcanus | B83: 8T | C83: 2.2 | D83: 0.9 | E83: Multi | F83: No | G83: Tier | H83: =IF(G83="Tier", "Tier", IFNA(VLOOKUP(G83,'Machine Helper Sheet'!$B$2:$D$16,3,FALSE), IF(ISNUMBER(VLOOKUP(G83,$A$2:$I$200,9,FALSE)), VLOOKUP(G83,$A$2:$I$200,8,FALSE)+VLOOKUP(G83,$A$2:$I$200,9,FALSE), 0 ) ) ) -> Tier | I83: 1T
A84: Wiremill | B84: 1 | C84: 1 | D84: 1 | E84: Single | F84: No | G84: Tier | H84: =IF(G84="Tier", "Tier", IFNA(VLOOKUP(G84,'Machine Helper Sheet'!$B$2:$D$16,3,FALSE), IF(ISNUMBER(VLOOKUP(G84,$A$2:$I$200,9,FALSE)), VLOOKUP(G84,$A$2:$I$200,8,FALSE)+VLOOKUP(G84,$A$2:$I$200,9,FALSE), 0 ) ) ) -> Tier | I84: 1T
A85: Zhuhai | B85: 1 | C85: 1 | D85: 1 | E85: Multi | F85: No | G85: Alloy Blast Smelter | H85: =IF(G85="Tier", "Tier", IFNA(VLOOKUP(G85,'Machine Helper Sheet'!$B$2:$D$16,3,FALSE), IF(ISNUMBER(VLOOKUP(G85,$A$2:$I$200,9,FALSE)), VLOOKUP(G85,$A$2:$I$200,8,FALSE)+VLOOKUP(G85,$A$2:$I$200,9,FALSE), 0 ) ) ) -> 1405511 | I85: 5000
A86: Chemical Plant | B86: 2*P | C86: 1+0.5C | D86: 1 | E86: Multi | F86: No | G86: Tier | H86: =IF(G86="Tier", "Tier", IFNA(VLOOKUP(G86,'Machine Helper Sheet'!$B$2:$D$16,3,FALSE), IF(ISNUMBER(VLOOKUP(G86,$A$2:$I$200,9,FALSE)), VLOOKUP(G86,$A$2:$I$200,8,FALSE)+VLOOKUP(G86,$A$2:$I$200,9,FALSE), 0 ) ) ) -> Tier | I86: 1T
A87: Laser Engraver | B87: 1 | C87: 1 | D87: 1 | E87: Single | F87: No | G87: Tier | H87: =IF(G87="Tier", "Tier", IFNA(VLOOKUP(G87,'Machine Helper Sheet'!$B$2:$D$16,3,FALSE), IF(ISNUMBER(VLOOKUP(G87,$A$2:$I$200,9,FALSE)), VLOOKUP(G87,$A$2:$I$200,8,FALSE)+VLOOKUP(G87,$A$2:$I$200,9,FALSE), 0 ) ) ) -> Tier | I87: 1T
A88: Circuit Assembler | B88: 1 | C88: 1 | D88: 1 | E88: Single | F88: No | G88: Tier | H88: =IF(G88="Tier", "Tier", IFNA(VLOOKUP(G88,'Machine Helper Sheet'!$B$2:$D$16,3,FALSE), IF(ISNUMBER(VLOOKUP(G88,$A$2:$I$200,9,FALSE)), VLOOKUP(G88,$A$2:$I$200,8,FALSE)+VLOOKUP(G88,$A$2:$I$200,9,FALSE), 0 ) ) ) -> Tier | I88: 1T

Sheet Item Helper Sheet
A1: GT Tier | B1: Number | C1: Importance Numbers | D1: Rarity Numbers | E1: (This rarity value represents the expected amount produced/demanded by progression)
A2: 00 - ULV | B2: 0 | C2: 0 - No uses | D2: 0 - No real rarity/value | E2: (The values chosen are arbitrary, but the idea is that high rarity materials are hard to produce, and needed in small amounts compared to low rarity materials)
A3: 01 - LV | B3: 1 | C3: 1 - Unpopular side content uses | D3: 1 - 1000+ stacks
A4: 02 - MV | B4: 2 | C4: 2 - Popular side content uses | D4: 2 - 100 to 1000 stacks | E4: (An idea I had to measure if the material amounts in a processing line are reasonable is to multiply material tier by rarity)
A5: 03 - HV | B5: 3 | C5: 3 - Unpopular main content uses | D5: 3 - 10 to 100 stacks | E5: (Since GTNH numbers naturally escalate from tier to tier, multiplying like this could represent how material amounts should compare to each other, and automatically find which materials are the most important in each line)
A6: 04 - EV | B6: 4 | C6: 4 - Popular main content uses | D6: 4 - 1 to 10 stacks | E6: (As an example, if Sulfuric Acid and Osmium are produced in the same proportion in a processing line, Osmium becomes the main output, since it's higher tier and rarer)
A7: 05 - IV | B7: 5 | C7: 5 - Gates main progression | D7: 5 - Less than a stack
A8: 06 - LuV | B8: 6
A9: 07 - ZPM | B9: 7
A10: 08 - UV | B10: 8
A11: 09 - UHV | B11: 9
A12: 10 - UEV | B12: 10
A13: 11 - UIV | B13: 11
A14: 12 - UMV | B14: 12
A15: 13 - UXV | B15: 13
A16: 14 - MAX | B16: 14

Sheet Machine Helper Sheet
A1: GT Tier | B1: Machine Gate | C1: Cost Value | D1: Gate Machine Cost | G1: Coil Tier | H1: Tier Number | I1: GT Tier | J1: Max Heat Value | K1: Cost Value
A2: 00 - ULV | B2: ? | C2: =10^0 -> 1 | D2: =1 -> 1 | G2: 00 - None | H2: 0 | I2: N/A | J2: 0 | K2: 0
A3: 01 - LV | B3: Steam Turbine | C3: =10^1 -> 10 | D3: =10+D2 -> 11 | G3: 01 - Cupronickel | H3: 1 | I3: LV | J3: 1801 | K3: 10
A4: 02 - MV | B4: EBF | C4: =10^2 -> 100 | D4: =500+D3 -> 511 | G4: 02 - Kanthal | H4: 2 | I4: MV | J4: 2701 | K4: 40
A5: 03 - HV | B5: EBF (Kanthal) | C5: =10^3 -> 1000 | D5: =5000+D4 -> 5511 | G5: 03 - Nichrome | H5: 3 | I5: HV | J5: 3601 | K5: 200
A6: 04 - EV | B6: T1 Rocket | C6: =10^4 -> 10000 | D6: =100000+D5 -> 105511 | G6: 04 - TPV-Alloy | H6: 4 | I6: EV | J6: 4501 | K6: 6000
A7: 05 - IV | B7: T2 Rocket | C7: =10^5 -> 100000 | D7: =1000000+D6 -> 1105511 | G7: 05 - HSS-G | H7: 5 | I7: IV | J7: 5401 | K7: 30000
A8: 06 - LuV | B8: Assembling Line | C8: =10^6 -> 1000000 | D8: =10000000+D7 -> 11105511 | G8: 06 - HSS-S | H8: 6 | I8: IV | J8: 6301 | K8: 60000
A9: 07 - ZPM | B9: Fusion Reactor Mk1 | C9: =10^7 -> 10000000 | D9: =30000000+D8 -> 41105511 | G9: 07 - Naquadah | H9: 7 | I9: LuV | J9: 7201 | K9: 300000
A10: 08 - UV | B10: Fusion Reactor Mk2 | C10: =10^8 -> 100000000 | D10: =200000000+D9 -> 241105511 | G10: 08 - Naq Alloy | H10: 8 | I10: LuV | J10: 8101 | K10: 400000
A11: 09 - UHV | B11: Fusion Reactor Mk3 | C11: =10^9 -> 1000000000 | D11: =2000000000+D10 -> 2241105511 | G11: 09 - Trinium | H11: 9 | I11: ZPM | J11: 9001 | K11: 100000
A12: 10 - UEV | B12: ? | C12: =10^10 -> 10000000000 | G12: 10 - Elec Flux | H12: 10 | I12: UV | J12: 9901
A13: 11 - UIV | B13: ? | C13: =10^11 -> 100000000000 | G13: 11 - Awak Drac | H13: 11 | I13: UHV | J13: 10801
A14: 12 - UMV | B14: ? | C14: =10^12 -> 1000000000000 | G14: 12 - Infinity | H14: 12 | I14: UEV | J14: 11701
A15: 13 - UXV | B15: ? | C15: =10^13 -> 10000000000000 | G15: 13 - Hypogen | H15: 13 | I15: UIV | J15: 12601
A16: 14 - MAX | B16: ? | C16: =10^14 -> 100000000000000 | G16: 14 - Eternal | H16: 14 | I16: UMV | J16: 13501

Sheet Recipe Templates
A1: Recipes | B1: Inputs | C1: Input(L) | D1: Outputs | E1: Output(L) | F1: Machine Type | G1: Machine Nº | H1: Min Tier | I1: EU/t | J1: Time (t) | K1: EU Cost | L1: OC Tier | M1: OC EU/t | N1: OC Time (t) | O1: OC EU Cost
A3: 1 In/Out | F3: Chemical Reactor | G3: 1 | H3: 1 | I3: 16 | J3: 20 | K3: =I3*J3*G3 -> 320 | L3: 1 | M3: =I3*(2^((L3-H3)*2)) -> 16 | N3: =ROUNDUP(IF(F3="Chemical Reactor",J3/(2^((L3-H3)*2)),J3/(2^(L3-H3))),0) -> 20 | O3: =M3*N3*G3 -> 320
C4: 1000 | E4: 1000
A6: 2 In/Out | F6: Chemical Reactor | G6: 1 | H6: 1 | I6: 16 | J6: 20 | K6: =I6*J6*G6 -> 320 | L6: 1 | M6: =I6*(2^((L6-H6)*2)) -> 16 | N6: =ROUNDUP(IF(F6="Chemical Reactor",J6/(2^((L6-H6)*2)),J6/(2^(L6-H6))),0) -> 20 | O6: =M6*N6*G6 -> 320
C7: 1000 | E7: 1000
C8: 1000 | E8: 1000
A10: 3 In/Out | F10: Chemical Reactor | G10: 1 | H10: 1 | I10: 16 | J10: 20 | K10: =I10*J10*G10 -> 320 | L10: 1 | M10: =I10*(2^((L10-H10)*2)) -> 16 | N10: =ROUNDUP(IF(F10="Chemical Reactor",J10/(2^((L10-H10)*2)),J10/(2^(L10-H10))),0) -> 20 | O10: =M10*N10*G10 -> 320
C11: 1000 | E11: 1000
C12: 1000 | E12: 1000
C13: 1000 | E13: 1000

Sheet Template Recipe Line
A4: Recipes | B4: Inputs | C4: Input(L) | D4: Outputs | E4: Output(L) | F4: Machine Type | G4: Machine Count | H4: Min Tier | I4: EU/t | J4: Time (t) | K4: EU Cost | L4: OC Tier | M4: OC EU/t | N4: OC Time (t) | O4: OC EU Cost
A5: Recipe 1 | F5: Chemical Reactor | G5: 2 | H5: 1 | I5: 16 | J5: 20 | K5: =I5*J5*G5 -> 640 | L5: 3 | M5: =I5*(2^((L5-H5)*2)) -> 256 | N5: =ROUNDUP(IF(F5="Chemical Reactor",J5/(2^((L5-H5)*2)),J5/(2^(L5-H5))),0) -> 2 | O5: =M5*N5*G5 -> 1024
B6: Sulfuric Acid | C6: 500 | D6: Platinum | E6: 1000
B7: PTFE | C7: 600 | D7: Osmium | E7: 1000 | V7: Tier | W7: Importance | X7: Demand
B8: Polyethylene | C8: 2000 | V8: =VLOOKUP(T8,'Item List'!A2:D6,2,FALSE) -> #N/A | W8: =VLOOKUP(T8,'Item List'!A2:D6,3,FALSE) -> #N/A | X8: =VLOOKUP(T8,'Item List'!A2:D6,4,FALSE) -> #N/A
A9: Recipe 2 | F9: Mixer | G9: 3 | H9: 2 | I9: 120 | J9: 60 | K9: =I9*J9*G9 -> 21600 | L9: 12 | M9: =I9*(2^((L9-H9)*2)) -> 125829120 | N9: =ROUNDUP(IF(F9="Chemical Reactor",J9/(2^((L9-H9)*2)),J9/(2^(L9-H9))),0) -> 1 | O9: =M9*N9*G9 -> 377487360 | V9: =VLOOKUP(T9,'Item List'!A2:D6,2,FALSE) -> #N/A | W9: =VLOOKUP(T9,'Item List'!A2:D6,3,FALSE) -> #N/A | X9: =VLOOKUP(T9,'Item List'!A2:D6,4,FALSE) -> #N/A
B10: Osmium | C10: 500 | D10: Platinum | E10: 250 | V10: =VLOOKUP(T10,'Item List'!A2:D6,2,FALSE) -> #N/A | W10: =VLOOKUP(T10,'Item List'!A2:D6,3,FALSE) -> #N/A | X10: =VLOOKUP(T10,'Item List'!A2:D6,4,FALSE) -> #N/A
B11: PTFE | C11: 1000 | D11: Sulfuric Acid | E11: 1000 | V11: =VLOOKUP(T11,'Item List'!A2:D6,2,FALSE) -> #N/A | W11: =VLOOKUP(T11,'Item List'!A2:D6,3,FALSE) -> #N/A | X11: =VLOOKUP(T11,'Item List'!A2:D6,4,FALSE) -> #N/A
D12: Polyethylene | E12: 3000 | V12: =VLOOKUP(T12,'Item List'!A2:D6,2,FALSE) -> #N/A | W12: =VLOOKUP(T12,'Item List'!A2:D6,3,FALSE) -> #N/A | X12: =VLOOKUP(T12,'Item List'!A2:D6,4,FALSE) -> #N/A
B21: Platinum | D21: PTFE

Sheet Poly SI Silicon
B1: Line for Silicon Poly SI using Salt (NaCl) | V1: <- Recipes | X1: Line for Silicon Poly SI using Salt (NaCl)
B2: This line is all LV and uses Salt, which can be mined directly from OW ore, but the salt electrolysis takes up a lot of time and EU. | V2: Math -> | X2: This line is all LV and uses Salt, which can be mined directly from OW ore, but the salt electrolysis takes up a lot of time and EU.
B4: Recipes | C4: Inputs | D4: Input(L) | E4: Outputs | F4: Output(L) | H4: Machine Type | I4: Perfect OC | J4: Parallels | K4: Recipe Tier | L4: Tier Number | M4: EU/t | N4: Time (t) | O4: EU Cost | P4: OC Tier | Q4: OC Tier Number | R4: OC EU/t | S4: OC Time (t) | T4: OC EU Cost | AF4: Inputs | AG4: Amount Produced | AH4: Tier | AI4: Importance | AJ4: Rarity | AM4: Current Output/s | AO4: EU Cost per Output | AP4: EU Cost per Output OC
B5: 1: Silicon Tetrachloride | H5: Chemical Reactor | I5: No | J5: 1 | K5: 01 - LV | L5: =VLOOKUP(K5,'Item Helper Sheet'!A2:B16,2,FALSE) -> 1 | M5: 30 | N5: =ROUNDUP(20*20*I7/J5,0) -> 400 | O5: =M5*N5*J5 -> 12000 | P5: 02 - MV | Q5: =VLOOKUP(P5,'Item Helper Sheet'!A2:B16,2,FALSE) -> 2 | R5: =M5*(2^((Q5-L5)*2)) -> 120 | S5: =ROUNDUP(IF(I5="Yes",N5/(2^((Q5-L5)*2)),N5/(2^(Q5-L5))),0) -> 200 | T5: =R5*S5*J5 -> 24000 | AF5: Chlorine | AG5: 0 | AH5: =VLOOKUP(AF5,'Item List'!$A$2:$D$300,2,FALSE) -> 1 | AI5: =VLOOKUP(AF5,'Item List'!$A$2:$D$300,3,FALSE) -> 4 | AJ5: =VLOOKUP(AF5,'Item List'!$A$2:$D$300,4,FALSE) -> 1 | AM5: =AL11/AC17*20 -> 0.015625 | AO5: =Y16/AL11 -> 53400 | AP5: =Z16/AL11 -> 106800
C6: Raw Silicon Dust | D6: =1*I7 -> 1 | E6: Silicon Tetrachloride | F6: =1000*I7 -> 1000 | AF6: Raw Silicon Dust | AG6: -1 | AH6: =VLOOKUP(AF6,'Item List'!$A$2:$D$300,2,FALSE) -> 1 | AI6: =VLOOKUP(AF6,'Item List'!$A$2:$D$300,3,FALSE) -> 4 | AJ6: =VLOOKUP(AF6,'Item List'!$A$2:$D$300,4,FALSE) -> 1
C7: Chlorine | D7: =4000*I7 -> 4000 | H7: Recipe Mult. | I7: 1 | AF7: Salt | AG7: 0 | AH7: =VLOOKUP(AF7,'Item List'!$A$2:$D$300,2,FALSE) -> 1 | AI7: =VLOOKUP(AF7,'Item List'!$A$2:$D$300,3,FALSE) -> 4 | AJ7: =VLOOKUP(AF7,'Item List'!$A$2:$D$300,4,FALSE) -> 1 | AL7: Main Output | AM7: Current Output/s OC | AO7: Time Per Output | AP7: Time per Output OC
AF8: Silicon Poly SI | AG8: 1 | AH8: =VLOOKUP(AF8,'Item List'!$A$2:$D$300,2,FALSE) -> 1 | AI8: =VLOOKUP(AF8,'Item List'!$A$2:$D$300,3,FALSE) -> 5 | AJ8: =VLOOKUP(AF8,'Item List'!$A$2:$D$300,4,FALSE) -> 3 | AL8: Silicon Poly SI | AM8: =AL11/AD17*20 -> 0.03125 | AO8: =AC17/AL11 -> 1280 | AP8: =AD17/AL11 -> 640
B9: 2: Silicon Poly SI | H9: Chemical Reactor | I9: No | J9: 1 | K9: 01 - LV | L9: =VLOOKUP(K9,'Item Helper Sheet'!A2:B16,2,FALSE) -> 1 | M9: 30 | N9: =ROUNDUP(5*20*I11/J9,0) -> 100 | O9: =M9*N9*J9 -> 3000 | P9: 02 - MV | Q9: =VLOOKUP(P9,'Item Helper Sheet'!A2:B16,2,FALSE) -> 2 | R9: =M9*(2^((Q9-L9)*2)) -> 120 | S9: =ROUNDUP(IF(I9="Yes",N9/(2^((Q9-L9)*2)),N9/(2^(Q9-L9))),0) -> 50 | T9: =R9*S9*J9 -> 6000 | AF9: Silicon Tetrachloride | AG9: 0 | AH9: =VLOOKUP(AF9,'Item List'!$A$2:$D$300,2,FALSE) -> 1 | AI9: =VLOOKUP(AF9,'Item List'!$A$2:$D$300,3,FALSE) -> 4 | AJ9: =VLOOKUP(AF9,'Item List'!$A$2:$D$300,4,FALSE) -> 2
C10: Sodium Dust | D10: =4*I11 -> 4 | E10: Silicon Poly SI | F10: =1*I11 -> 1 | AF10: Sodium Dust | AG10: 0 | AH10: =VLOOKUP(AF10,'Item List'!$A$2:$D$300,2,FALSE) -> 1 | AI10: =VLOOKUP(AF10,'Item List'!$A$2:$D$300,3,FALSE) -> 4 | AJ10: =VLOOKUP(AF10,'Item List'!$A$2:$D$300,4,FALSE) -> 1 | AL10: Main Output Amount | AM10: Desired Output/s | AO10: Desired Time Per Output
C11: Silicon Tetrachloride | D11: =1000*I11 -> 1000 | E11: Salt | F11: =8*I11 -> 8 | H11: Recipe Mult. | I11: 1 | AL11: =VLOOKUP(AL8,E6:F15,2,FALSE) -> 1 | AM11: 1 | AO11: =1/AM11*20 -> 20
X12: Recipes | Y12: EU Cost | Z12: OC EU | AB12: Recipes | AC12: Time (t) | AD12: OC Time (t) | AF12: Recipes | AG12: TierMin | AH12: TierOC | AI12: Nº Overclocks
B13: 3: Salt Electrolysis | H13: Electrolyzer | I13: No | J13: 1 | K13: 01 - LV | L13: =VLOOKUP(K13,'Item Helper Sheet'!A2:B16,2,FALSE) -> 1 | M13: 30 | N13: =ROUNDUP(16*20*I15/J13,0) -> 1280 | O13: =M13*N13*J13 -> 38400 | P13: 02 - MV | Q13: =VLOOKUP(P13,'Item Helper Sheet'!A2:B16,2,FALSE) -> 2 | R13: =M13*(2^((Q13-L13)*2)) -> 120 | S13: =ROUNDUP(IF(I13="Yes",N13/(2^((Q13-L13)*2)),N13/(2^(Q13-L13))),0) -> 640 | T13: =R13*S13*J13 -> 76800 | X13: 1: Silicon Tetrachloride | Y13: 12000 | Z13: 24000 | AB13: 1: Silicon Tetrachloride | AC13: 400 | AD13: 200 | AF13: 1: Silicon Tetrachloride | AG13: 1 | AH13: 2 | AI13: 1 | AN13: Input Rate | AO13: Proportion Main Output | AP13: Input/s at Current Speed | AQ13: Input/s at Desired Speed
C14: Salt | D14: =2*I15 -> 8 | E14: Sodium Dust | F14: =1*I15 -> 4 | X14: 2: Silicon Poly SI | Y14: 3000 | Z14: 6000 | AB14: 2: Silicon Poly SI | AC14: 100 | AD14: 50 | AF14: 2: Silicon Poly SI | AG14: 1 | AH14: 2 | AI14: 1 | AN14: =VLOOKUP(AL14,X4:Y10,2) -> 1 | AO14: =AN14/$AL$11 -> 1 | AP14: =$AM$8*AO14 -> 0.03125 | AQ14: =$AM$11*AO14 -> 1
E15: Chlorine | F15: =1000*I15 -> 4000 | H15: Recipe Mult. | I15: 4 | X15: 3: Salt Electrolysis | Y15: 38400 | Z15: 76800 | AB15: 3: Salt Electrolysis | AC15: 1280 | AD15: 640 | AF15: 3: Salt Electrolysis | AG15: 1 | AH15: 2 | AI15: 1
X16: Grand Total | Y16: 53400 | Z16: 106800
C17: Silicon Poly SI | E17: Raw Silicon Dust
X18: SUM of Parallels | Y18: Machine Type
X19: Recipes | Y19: Chemical Reactor | Z19: Electrolyzer | AB19: SUM of Parallels | AC19: Recipe Tier | AF19: SUM of Parallels | AG19: OC Tier
X20: 1: Silicon Tetrachloride | Y20: 1 | AB20: Machine Type | AC20: 01 - LV | AD20: Grand Total | AF20: Machine Type | AG20: 02 - MV | AH20: Grand Total
X21: 2: Silicon Poly SI | Y21: 1 | AB21: Chemical Reactor | AC21: 2 | AD21: 2 | AF21: Chemical Reactor | AG21: 2 | AH21: 2
X22: 3: Salt Electrolysis | Z22: 1 | AB22: Electrolyzer | AC22: 1 | AD22: 1 | AF22: Electrolyzer | AG22: 1 | AH22: 1
X23: Grand Total | Y23: 2 | Z23: 1 | AB23: Grand Total | AC23: 3 | AD23: 3 | AF23: Grand Total | AG23: 3 | AH23: 3
B25: Line for Silicon Poly SI using Zinc Chloride (ZnCl₂) | V25: <- Recipes | X25: Line for Silicon Poly SI using Zinc Chloride (ZnCl₂)
B26: This line is the same as the one above but with Zinc Chloride instead of Salt. Zinc is harder to get, but it's recycled in this line. Longest recipe is 1/3 of the Salt line's longest, and total EU is less than 1/2. | V26: Math -> | X26: This line is the same as the one above but with Zinc Chloride instead of Salt. Zinc is harder to get, but it's recycled in this line. Longest recipe is 1/3 of the Salt line's longest, and total EU is less than 1/2.
B28: Recipes | C28: Inputs | D28: Input(L) | E28: Outputs | F28: Output(L) | H28: Machine Type | I28: Perfect OC | J28: Parallels | K28: Recipe Tier | L28: Tier Number | M28: EU/t | N28: Time (t) | O28: EU Cost | P28: OC Tier | Q28: OC Tier Number | R28: OC EU/t | S28: OC Time (t) | T28: OC EU Cost | AF28: Inputs | AG28: Amount Produced | AH28: Tier | AI28: Importance | AJ28: Rarity | AM28: Current Output/s | AO28: EU Cost per Output | AP28: EU Cost per Output OC
B29: 1: Silicon Tetrachloride | H29: Chemical Reactor | I29: No | J29: 1 | K29: 01 - LV | L29: =VLOOKUP(K29,'Item Helper Sheet'!A2:B16,2,FALSE) -> 1 | M29: 30 | N29: =ROUNDUP(20*20*I31/J29,0) -> 400 | O29: =M29*N29*J29 -> 12000 | P29: 02 - MV | Q29: =VLOOKUP(P29,'Item Helper Sheet'!A2:B16,2,FALSE) -> 2 | R29: =M29*(2^((Q29-L29)*2)) -> 120 | S29: =ROUNDUP(IF(I29="Yes",N29/(2^((Q29-L29)*2)),N29/(2^(Q29-L29))),0) -> 200 | T29: =R29*S29*J29 -> 24000 | AF29: Chlorine | AG29: 0 | AH29: =VLOOKUP(AF29,'Item List'!$A$2:$D$300,2,FALSE) -> 1 | AI29: =VLOOKUP(AF29,'Item List'!$A$2:$D$300,3,FALSE) -> 4 | AJ29: =VLOOKUP(AF29,'Item List'!$A$2:$D$300,4,FALSE) -> 1 | AM29: =AL35/AC41*20 -> 0.05 | AO29: =Y40/AL35 -> 27840 | AP29: =Z40/AL35 -> 51840
C30: Raw Silicon | D30: =1*I31 -> 1 | E30: Silicon Tetrachloride | F30: =1000*I31 -> 1000 | AF30: Raw Silicon | AG30: -1 | AH30: =VLOOKUP(AF30,'Item List'!$A$2:$D$300,2,FALSE) -> #N/A | AI30: =VLOOKUP(AF30,'Item List'!$A$2:$D$300,3,FALSE) -> #N/A | AJ30: =VLOOKUP(AF30,'Item List'!$A$2:$D$300,4,FALSE) -> #N/A
C31: Chlorine | D31: =4000*I31 -> 4000 | H31: Recipe Mult. | I31: 1 | AF31: Silicon Poly SI | AG31: 1 | AH31: =VLOOKUP(AF31,'Item List'!$A$2:$D$300,2,FALSE) -> 1 | AI31: =VLOOKUP(AF31,'Item List'!$A$2:$D$300,3,FALSE) -> 5 | AJ31: =VLOOKUP(AF31,'Item List'!$A$2:$D$300,4,FALSE) -> 3 | AL31: Main Output | AM31: Current Output/s OC | AO31: Time Per Output | AP31: Time per Output OC
AF32: Silicon Tetrachloride | AG32: 0 | AH32: =VLOOKUP(AF32,'Item List'!$A$2:$D$300,2,FALSE) -> 1 | AI32: =VLOOKUP(AF32,'Item List'!$A$2:$D$300,3,FALSE) -> 4 | AJ32: =VLOOKUP(AF32,'Item List'!$A$2:$D$300,4,FALSE) -> 2 | AL32: Silicon Poly SI | AM32: =AL35/AD41*20 -> 0.1 | AO32: =AC41/AL35 -> 400 | AP32: =AD41/AL35 -> 200
B33: 2: Silicon Poly SI | H33: Chemical Reactor | I33: No | J33: 1 | K33: 01 - LV | L33: =VLOOKUP(K33,'Item Helper Sheet'!A2:B16,2,FALSE) -> 1 | M33: 30 | N33: =ROUNDUP(20*20*I35/J33,0) -> 400 | O33: =M33*N33*J33 -> 12000 | P33: 02 - MV | Q33: =VLOOKUP(P33,'Item Helper Sheet'!A2:B16,2,FALSE) -> 2 | R33: =M33*(2^((Q33-L33)*2)) -> 120 | S33: =ROUNDUP(IF(I33="Yes",N33/(2^((Q33-L33)*2)),N33/(2^(Q33-L33))),0) -> 200 | T33: =R33*S33*J33 -> 24000 | AF33: Zinc | AG33: 0 | AH33: =VLOOKUP(AF33,'Item List'!$A$2:$D$300,2,FALSE) -> #N/A | AI33: =VLOOKUP(AF33,'Item List'!$A$2:$D$300,3,FALSE) -> #N/A | AJ33: =VLOOKUP(AF33,'Item List'!$A$2:$D$300,4,FALSE) -> #N/A
C34: Zinc | D34: =2*I35 -> 2 | E34: Silicon Poly SI | F34: =1*I35 -> 1 | AF34: Zinc Chloride | AG34: 0 | AH34: =VLOOKUP(AF34,'Item List'!$A$2:$D$300,2,FALSE) -> 2 | AI34: =VLOOKUP(AF34,'Item List'!$A$2:$D$300,3,FALSE) -> 4 | AJ34: =VLOOKUP(AF34,'Item List'!$A$2:$D$300,4,FALSE) -> 2 | AL34: Main Output Amount | AM34: Desired Output/s | AO34: Desired Time Per Output
C35: Silicon Tetrachloride | D35: =1000*I35 -> 1000 | E35: Zinc Chloride | F35: =6*I35 -> 6 | H35: Recipe Mult. | I35: 1 | AL35: =VLOOKUP(AL32,E28:F39,2,FALSE) -> 1 | AM35: 1 | AO35: =1/AM35*20 -> 20
X36: Recipes | Y36: EU Cost | Z36: OC EU Cost | AB36: Recipes | AC36: Time (t) | AD36: OC Time (t) | AF36: Recipes | AG36: TierMin | AH36: TierOC | AI36: Nº Overclocks
B37: 3: Zinc Chloride Electrolysis | H37: Electrolyzer | I37: No | J37: 1 | K37: 02 - MV | L37: =VLOOKUP(K37,'Item Helper Sheet'!A2:B16,2,FALSE) -> 2 | M37: 60 | N37: =ROUNDUP(1.6*20*I39/J37,0) -> 64 | O37: =M37*N37*J37 -> 3840 | P37: 02 - MV | Q37: =VLOOKUP(P37,'Item Helper Sheet'!A2:B16,2,FALSE) -> 2 | R37: =M37*(2^((Q37-L37)*2)) -> 60 | S37: =ROUNDUP(IF(I37="Yes",N37/(2^((Q37-L37)*2)),N37/(2^(Q37-L37))),0) -> 64 | T37: =R37*S37*J37 -> 3840 | X37: 1: Silicon Tetrachloride | Y37: 12000 | Z37: 24000 | AB37: 1: Silicon Tetrachloride | AC37: 400 | AD37: 200 | AF37: 1: Silicon Tetrachloride | AG37: 1 | AH37: 2 | AI37: 1 | AN37: Input Rate | AO37: Proportion Main Output | AP37: Input/s at Current Speed | AQ37: Input/s at Desired Speed
C38: Zinc Chloride | D38: =3*I39 -> 6 | E38: Zinc | F38: =1*I39 -> 2 | X38: 2: Silicon Poly SI | Y38: 12000 | Z38: 24000 | AB38: 2: Silicon Poly SI | AC38: 400 | AD38: 200 | AF38: 2: Silicon Poly SI | AG38: 1 | AH38: 2 | AI38: 1 | AN38: =VLOOKUP(AL38,X28:Y34,2) -> 1 | AO38: =AN38/$AL$11 -> 1 | AP38: =$AM$8*AO38 -> 0.03125 | AQ38: =$AM$11*AO38 -> 1
E39: Chlorine | F39: =2000*I39 -> 4000 | H39: Recipe Mult. | I39: 2 | X39: 3: Zinc Chloride Electrolysis | Y39: 3840 | Z39: 3840 | AB39: 3: Zinc Chloride Electrolysis | AC39: 64 | AD39: 64 | AF39: 3: Zinc Chloride Electrolysis | AG39: 2 | AH39: 2 | AI39: 0
X40: Grand Total | Y40: 27840 | Z40: 51840
C41: Silicon Poly SI | E41: Raw Silicon
X42: SUM of Parallels | Y42: Machine Type
X43: Recipes | Y43: Chemical Reactor | Z43: Electrolyzer | AB43: SUM of Parallels | AC43: Recipe Tier | AF43: SUM of Parallels | AG43: OC Tier
X44: 1: Silicon Tetrachloride | Y44: 1 | AB44: Machine Type | AC44: 01 - LV | AD44: 02 - MV | AE44: Grand Total | AF44: Machine Type | AG44: 02 - MV | AH44: Grand Total
X45: 2: Silicon Poly SI | Y45: 1 | AB45: Chemical Reactor | AC45: 2 | AE45: 2 | AF45: Chemical Reactor | AG45: 2 | AH45: 2
X46: 3: Zinc Chloride Electrolysis | Z46: 1 | AB46: Electrolyzer | AD46: 1 | AE46: 1 | AF46: Electrolyzer | AG46: 1 | AH46: 1
X47: Grand Total | Y47: 2 | Z47: 1 | AB47: Grand Total | AC47: 2 | AD47: 1 | AE47: 3 | AF47: Grand Total | AG47: 3 | AH47: 3
B49: Line for Silicon Poly SI through Trichlorosilane (2 recipes) | V49: <- Recipes | X49: Line for Silicon Poly SI through Trichlorosilane (2 recipes)
B50: This line accomplishes the same as the two above but without the Electrolyzer, while being even faster and consuming less EU, at the cost of having forced cell chemistry. | V50: Math -> | X50: This line accomplishes the same as the two above but without the Electrolyzer, while being even faster and consuming less EU, at the cost of having forced cell chemistry.
B52: Recipes | C52: Inputs | D52: Input(L) | E52: Outputs | F52: Output(L) | H52: Machine Type | I52: Perfect OC | J52: Parallels | K52: Recipe Tier | L52: Tier Number | M52: EU/t | N52: Time (t) | O52: EU Cost | P52: OC Tier | Q52: OC Tier Number | R52: OC EU/t | S52: OC Time (t) | T52: OC EU Cost | AF52: Inputs | AG52: Amount Produced | AH52: Tier | AI52: Importance | AJ52: Rarity | AM52: Current Output/s | AO52: EU Cost per Output | AP52: EU Cost per Output OC
B53: 1: Trichlorosilane | H53: Chemical Reactor | I53: No | J53: 1 | K53: 01 - LV | L53: =VLOOKUP(K53,'Item Helper Sheet'!A2:B16,2,FALSE) -> 1 | M53: 30 | N53: =ROUNDUP(15*20*I55/J53,0) -> 300 | O53: =M53*N53*J53 -> 9000 | P53: 02 - MV | Q53: =VLOOKUP(P53,'Item Helper Sheet'!A2:B16,2,FALSE) -> 2 | R53: =M53*(2^((Q53-L53)*2)) -> 120 | S53: =ROUNDUP(IF(I53="Yes",N53/(2^((Q53-L53)*2)),N53/(2^(Q53-L53))),0) -> 150 | T53: =R53*S53*J53 -> 18000 | AF53: Hydrochloric Acid | AG53: 0 | AH53: =VLOOKUP(AF53,'Item List'!$A$2:$D$300,2,FALSE) -> 1 | AI53: =VLOOKUP(AF53,'Item List'!$A$2:$D$300,3,FALSE) -> 4 | AJ53: =VLOOKUP(AF53,'Item List'!$A$2:$D$300,4,FALSE) -> 2 | AM53: =AL59/AC63*20 -> 0.066666667 | AO53: =Y62/AL59 -> 18000 | AP53: =Z62/AL59 -> 36000
C54: Raw Silicon | D54: =1*I55 -> 1 | E54: Trichlorosilane | F54: =1000*I55 -> 1000 | AF54: Hydrogen | AG54: 0 | AH54: =VLOOKUP(AF54,'Item List'!$A$2:$D$300,2,FALSE) -> 1 | AI54: =VLOOKUP(AF54,'Item List'!$A$2:$D$300,3,FALSE) -> 4 | AJ54: =VLOOKUP(AF54,'Item List'!$A$2:$D$300,4,FALSE) -> 1
C55: Hydrochloric Acid | D55: =3000*I55 -> 3000 | E55: Hydrogen | F55: =2000*I55 -> 2000 | H55: Recipe Mult. | I55: 1 | AF55: Raw Silicon | AG55: -1 | AH55: =VLOOKUP(AF55,'Item List'!$A$2:$D$300,2,FALSE) -> #N/A | AI55: =VLOOKUP(AF55,'Item List'!$A$2:$D$300,3,FALSE) -> #N/A | AJ55: =VLOOKUP(AF55,'Item List'!$A$2:$D$300,4,FALSE) -> #N/A | AL55: Main Output | AM55: Current Output/s OC | AO55: Time Per Output | AP55: Time per Output OC
AF56: Silicon Poly SI | AG56: 1 | AH56: =VLOOKUP(AF56,'Item List'!$A$2:$D$300,2,FALSE) -> 1 | AI56: =VLOOKUP(AF56,'Item List'!$A$2:$D$300,3,FALSE) -> 5 | AJ56: =VLOOKUP(AF56,'Item List'!$A$2:$D$300,4,FALSE) -> 3 | AL56: Silicon Poly SI | AM56: =AL59/AD63*20 -> 0.13333333 | AO56: =AC63/AL59 -> 300 | AP56: =AD63/AL59 -> 150
B57: 2: Silicon Poly SI | H57: Chemical Reactor | I57: No | J57: 1 | K57: 01 - LV | L57: =VLOOKUP(K57,'Item Helper Sheet'!A2:B16,2,FALSE) -> 1 | M57: 30 | N57: =ROUNDUP(15*20*I59/J57,0) -> 300 | O57: =M57*N57*J57 -> 9000 | P57: 02 - MV | Q57: =VLOOKUP(P57,'Item Helper Sheet'!A2:B16,2,FALSE) -> 2 | R57: =M57*(2^((Q57-L57)*2)) -> 120 | S57: =ROUNDUP(IF(I57="Yes",N57/(2^((Q57-L57)*2)),N57/(2^(Q57-L57))),0) -> 150 | T57: =R57*S57*J57 -> 18000 | AF57: Trichlorosilane | AG57: 0 | AH57: =VLOOKUP(AF57,'Item List'!$A$2:$D$300,2,FALSE) -> 1 | AI57: =VLOOKUP(AF57,'Item List'!$A$2:$D$300,3,FALSE) -> 4 | AJ57: =VLOOKUP(AF57,'Item List'!$A$2:$D$300,4,FALSE) -> 2
C58: Trichlorosilane | D58: =1000*I59 -> 1000 | E58: Silicon Poly SI | F58: =1*I59 -> 1 | AL58: Main Output Amount | AM58: Desired Output/s | AO58: Desired Time Per Output
C59: Hydrogen | D59: =2000*I59 -> 2000 | E59: Hydrochloric Acid | F59: =3000*I59 -> 3000 | H59: Recipe Mult. | I59: 1 | X59: Recipes | Y59: EU Cost | Z59: OC EU Cost | AB59: Recipes | AC59: Time (t) | AD59: OC Time (t) | AF59: Recipes | AG59: TierMin | AH59: TierOC | AI59: Nº Overclocks | AL59: =VLOOKUP(AL56,E52:F59,2,FALSE) -> 1 | AM59: 1 | AO59: =1/AM59*20 -> 20
X60: 1: Trichlorosilane | Y60: 9000 | Z60: 18000 | AB60: 1: Trichlorosilane | AC60: 300 | AD60: 150 | AF60: 1: Trichlorosilane | AG60: 1 | AH60: 2 | AI60: 1
C61: Silicon Poly SI | E61: Raw Silicon | X61: 2: Silicon Poly SI | Y61: 9000 | Z61: 18000 | AB61: 2: Silicon Poly SI | AC61: 300 | AD61: 150 | AF61: 2: Silicon Poly SI | AG61: 1 | AH61: 2 | AI61: 1 | AN61: Input Rate | AO61: Proportion Main Output | AP61: Input/s at Current Speed | AQ61: Input/s at Desired Speed
X62: Grand Total | Y62: 18000 | Z62: 36000 | AN62: =VLOOKUP(AL62,X52:Y58,2) -> 1 | AO62: =AN62/$AL$11 -> 1 | AP62: =$AM$8*AO62 -> 0.03125 | AQ62: =$AM$11*AO62 -> 1
X64: SUM of Parallels | Y64: Machine Type
X65: Recipes | Y65: Chemical Reactor | AB65: SUM of Parallels | AC65: Recipe Tier | AF65: SUM of Parallels | AG65: OC Tier
X66: 1: Trichlorosilane | Y66: 1 | AB66: Machine Type | AC66: 01 - LV | AD66: Grand Total | AF66: Machine Type | AG66: 02 - MV | AH66: Grand Total
X67: 2: Silicon Poly SI | Y67: 1 | AB67: Chemical Reactor | AC67: 2 | AD67: 2 | AF67: Chemical Reactor | AG67: 2 | AH67: 2
X68: Grand Total | Y68: 2 | AB68: Grand Total | AC68: 2 | AD68: 2 | AF68: Grand Total | AG68: 2 | AH68: 2
B70: Line for Silicon Poly SI through Silane + Trichlorosilane (6 recipes) | V70: <- Recipes | X70: Line for Silicon Poly SI through Silane + Trichlorosilane (6 recipes)
B71: This line is much longer than the others, due to transforming Trichlorosilane into Silane and Silicon Tetrachloride and processing them both. The speed and EU cost are lowest, tied with the 2-recipe line. | V71: Math -> | X71: This line is much longer than the others, due to transforming Trichlorosilane into Silane and Silicon Tetrachloride and processing them both. The speed and EU cost are lowest, tied with the 2-recipe line.
B73: Recipes | C73: Inputs | D73: Input(L) | E73: Outputs | F73: Output(L) | H73: Machine Type | I73: Perfect OC | J73: Parallels | K73: Recipe Tier | L73: Tier Number | M73: EU/t | N73: Time (t) | O73: EU Cost | P73: OC Tier | Q73: OC Tier Number | R73: OC EU/t | S73: OC Time (t) | T73: OC EU Cost | AF73: Inputs | AG73: Amount Produced | AH73: Tier | AI73: Importance | AJ73: Rarity | AM73: Current Output/s | AO73: EU Cost per Output | AP73: EU Cost per Output OC
B74: 1: Trichlorosilane | H74: Chemical Reactor | I74: No | J74: 1 | K74: 01 - LV | L74: =VLOOKUP(K74,'Item Helper Sheet'!A2:B16,2,FALSE) -> 1 | M74: 30 | N74: =ROUNDUP(15*20*I76/J74,0) -> 1200 | O74: =M74*N74*J74 -> 36000 | P74: MV | Q74: =VLOOKUP(P74,'Item Helper Sheet'!A2:B16,2,FALSE) -> #N/A | R74: =M74*(2^((Q74-L74)*2)) -> #N/A | S74: =ROUNDUP(IF(I74="Yes",N74/(2^((Q74-L74)*2)),N74/(2^(Q74-L74))),0) -> #N/A | T74: =R74*S74*J74 -> #N/A | AF74: Chlorine | AG74: 0 | AH74: =VLOOKUP(AF74,'Item List'!$A$2:$D$300,2,FALSE) -> 1 | AI74: =VLOOKUP(AF74,'Item List'!$A$2:$D$300,3,FALSE) -> 4 | AJ74: =VLOOKUP(AF74,'Item List'!$A$2:$D$300,4,FALSE) -> 1 | AM74: =AL80/AC93*20 -> 0.0625 | AO74: =Y92/AL80 -> 19440 | AP74: =Z92/AL80 -> #N/A
C75: Raw Silicon | D75: =1*I76 -> 4 | E75: Trichlorosilane | F75: =1000*I76 -> 4000 | AF75: Hydrochloric Acid | AG75: 0 | AH75: =VLOOKUP(AF75,'Item List'!$A$2:$D$300,2,FALSE) -> 1 | AI75: =VLOOKUP(AF75,'Item List'!$A$2:$D$300,3,FALSE) -> 4 | AJ75: =VLOOKUP(AF75,'Item List'!$A$2:$D$300,4,FALSE) -> 2
C76: Hydrochloric Acid | D76: =3000*I76 -> 12000 | E76: Hydrogen | F76: =2000*I76 -> 8000 | H76: Recipe Mult. | I76: 4 | AF76: Hydrogen | AG76: 0 | AH76: =VLOOKUP(AF76,'Item List'!$A$2:$D$300,2,FALSE) -> 1 | AI76: =VLOOKUP(AF76,'Item List'!$A$2:$D$300,3,FALSE) -> 4 | AJ76: =VLOOKUP(AF76,'Item List'!$A$2:$D$300,4,FALSE) -> 1 | AL76: Main Output | AM76: Current Output/s OC | AO76: Time Per Output | AP76: Time per Output OC
AF77: Raw Silicon | AG77: -4 | AH77: =VLOOKUP(AF77,'Item List'!$A$2:$D$300,2,FALSE) -> #N/A | AI77: =VLOOKUP(AF77,'Item List'!$A$2:$D$300,3,FALSE) -> #N/A | AJ77: =VLOOKUP(AF77,'Item List'!$A$2:$D$300,4,FALSE) -> #N/A | AL77: Silicon Poly SI | AM77: =AL80/AD93*20 -> 0.125 | AO77: =AC93/AL80 -> 320 | AP77: =AD93/AL80 -> 160
B78: 2: Trichlorosilane Separation | H78: Chemical Reactor | I78: No | J78: 1 | K78: 01 - LV | L78: =VLOOKUP(K78,'Item Helper Sheet'!A2:B16,2,FALSE) -> 1 | M78: 30 | N78: =ROUNDUP(12*20*I80/J78,0) -> 240 | O78: =M78*N78*J78 -> 7200 | P78: 02 - MV | Q78: =VLOOKUP(P78,'Item Helper Sheet'!A2:B16,2,FALSE) -> 2 | R78: =M78*(2^((Q78-L78)*2)) -> 120 | S78: =ROUNDUP(IF(I78="Yes",N78/(2^((Q78-L78)*2)),N78/(2^(Q78-L78))),0) -> 120 | T78: =R78*S78*J78 -> 14400 | AF78: Silane | AG78: 0 | AH78: =VLOOKUP(AF78,'Item List'!$A$2:$D$300,2,FALSE) -> 1 | AI78: =VLOOKUP(AF78,'Item List'!$A$2:$D$300,3,FALSE) -> 3 | AJ78: =VLOOKUP(AF78,'Item List'!$A$2:$D$300,4,FALSE) -> 2
C79: Trichlorosilane | D79: =4000*I80 -> 4000 | E79: Silane | F79: =1000*I80 -> 1000 | AF79: Silicon Poly SI | AG79: 4 | AH79: =VLOOKUP(AF79,'Item List'!$A$2:$D$300,2,FALSE) -> 1 | AI79: =VLOOKUP(AF79,'Item List'!$A$2:$D$300,3,FALSE) -> 5 | AJ79: =VLOOKUP(AF79,'Item List'!$A$2:$D$300,4,FALSE) -> 3 | AL79: Main Output Amount | AM79: Desired Output/s | AO79: Desired Time Per Output
E80: Silicon Tetrachloride | F80: =3000*I80 -> 3000 | H80: Recipe Mult. | I80: 1 | AF80: Silicon Tetrachloride | AG80: 0 | AH80: =VLOOKUP(AF80,'Item List'!$A$2:$D$300,2,FALSE) -> 1 | AI80: =VLOOKUP(AF80,'Item List'!$A$2:$D$300,3,FALSE) -> 4 | AJ80: =VLOOKUP(AF80,'Item List'!$A$2:$D$300,4,FALSE) -> 2 | AL80: =VLOOKUP(AL77,AF73:AG83,2,FALSE) -> 4 | AM80: 1 | AO80: =1/AM80*20 -> 20
AF81: Trichlorosilane | AG81: 0 | AH81: =VLOOKUP(AF81,'Item List'!$A$2:$D$300,2,FALSE) -> 1 | AI81: =VLOOKUP(AF81,'Item List'!$A$2:$D$300,3,FALSE) -> 4 | AJ81: =VLOOKUP(AF81,'Item List'!$A$2:$D$300,4,FALSE) -> 2
B82: 3: Silane to Silicon Poly SI | H82: Chemical Reactor | I82: No | J82: 1 | K82: 01 - LV | L82: =VLOOKUP(K82,'Item Helper Sheet'!A2:B16,2,FALSE) -> 1 | M82: 30 | N82: =ROUNDUP(15*20*I84/J82,0) -> 300 | O82: =M82*N82*J82 -> 9000 | P82: 02 - MV | Q82: =VLOOKUP(P82,'Item Helper Sheet'!A2:B16,2,FALSE) -> 2 | R82: =M82*(2^((Q82-L82)*2)) -> 120 | S82: =ROUNDUP(IF(I82="Yes",N82/(2^((Q82-L82)*2)),N82/(2^(Q82-L82))),0) -> 150 | T82: =R82*S82*J82 -> 18000 | AF82: Zinc | AG82: 0 | AH82: =VLOOKUP(AF82,'Item List'!$A$2:$D$300,2,FALSE) -> #N/A | AI82: =VLOOKUP(AF82,'Item List'!$A$2:$D$300,3,FALSE) -> #N/A | AJ82: =VLOOKUP(AF82,'Item List'!$A$2:$D$300,4,FALSE) -> #N/A | AN82: Input Rate | AO82: Proportion Main Output | AP82: Input/s at Current Speed | AQ82: Input/s at Desired Speed
C83: Silane | D83: =1000*I84 -> 1000 | E83: Silicon Poly SI | F83: =1*I84 -> 1 | AF83: Zinc Chloride | AG83: 0 | AH83: =VLOOKUP(AF83,'Item List'!$A$2:$D$300,2,FALSE) -> 2 | AI83: =VLOOKUP(AF83,'Item List'!$A$2:$D$300,3,FALSE) -> 4 | AJ83: =VLOOKUP(AF83,'Item List'!$A$2:$D$300,4,FALSE) -> 2 | AN83: =VLOOKUP(AL83,X73:Y79,2) -> 4 | AO83: =AN83/$AL$11 -> 4 | AP83: =$AM$8*AO83 -> 0.125 | AQ83: =$AM$11*AO83 -> 4
E84: Hydrogen | F84: =4000*I84 -> 4000 | H84: Recipe Mult. | I84: 1
X85: Recipes | Y85: EU Cost | Z85: OC EU Cost | AB85: Recipes | AC85: Time (t) | AD85: OC Time (t) | AF85: Recipes | AG85: TierMin | AH85: TierOC | AI85: Nº Overclocks
B86: 4: Silicon T. to Silicon Poly SI | H86: Chemical Reactor | I86: No | J86: 1 | K86: 01 - LV | L86: =VLOOKUP(K86,'Item Helper Sheet'!A2:B16,2,FALSE) -> 1 | M86: 30 | N86: =ROUNDUP(5*20*I88/J86,0) -> 300 | O86: =M86*N86*J86 -> 9000 | P86: 02 - MV | Q86: =VLOOKUP(P86,'Item Helper Sheet'!A2:B16,2,FALSE) -> 2 | R86: =M86*(2^((Q86-L86)*2)) -> 120 | S86: =ROUNDUP(IF(I86="Yes",N86/(2^((Q86-L86)*2)),N86/(2^(Q86-L86))),0) -> 150 | T86: =R86*S86*J86 -> 18000 | X86: 1: Trichlorosilane | Y86: 36000 | Z86: #N/A | AB86: 1: Trichlorosilane | AC86: 1200 | AD86: #N/A | AF86: 1: Trichlorosilane | AG86: 1 | AH86: #N/A | AI86: -1
C87: Zinc | D87: =2*I88 -> 6 | E87: Silicon Poly SI | F87: =1*I88 -> 3 | X87: 2: Trichlorosilane Separation | Y87: 7200 | Z87: 14400 | AB87: 2: Trichlorosilane Separation | AC87: 240 | AD87: 120 | AF87: 2: Trichlorosilane Separation | AG87: 1 | AH87: 2 | AI87: 1
C88: Silicon Tetrachloride | D88: =1000*I88 -> 3000 | E88: Zinc Chloride | F88: =6*I88 -> 18 | H88: Recipe Mult. | I88: 3 | X88: 3: Silane to Silicon Poly SI | Y88: 9000 | Z88: 18000 | AB88: 3: Silane to Silicon Poly SI | AC88: 300 | AD88: 150 | AF88: 3: Silane to Silicon Poly SI | AG88: 1 | AH88: 2 | AI88: 1
X89: 4: Silicon T. to Silicon Poly SI | Y89: 9000 | Z89: 18000 | AB89: 4: Silicon T. to Silicon Poly SI | AC89: 300 | AD89: 150 | AF89: 4: Silicon T. to Silicon Poly SI | AG89: 1 | AH89: 2 | AI89: 1
B90: 5: Zinc Chloride Electrolysis | H90: Electrolyzer | I90: No | J90: 1 | K90: 02 - MV | L90: =VLOOKUP(K90,'Item Helper Sheet'!A2:B16,2,FALSE) -> 2 | M90: 60 | N90: =ROUNDUP(1.6*20*I92/J90,0) -> 192 | O90: =M90*N90*J90 -> 11520 | P90: 02 - MV | Q90: =VLOOKUP(P90,'Item Helper Sheet'!A2:B16,2,FALSE) -> 2 | R90: =M90*(2^((Q90-L90)*2)) -> 60 | S90: =ROUNDUP(IF(I90="Yes",N90/(2^((Q90-L90)*2)),N90/(2^(Q90-L90))),0) -> 192 | T90: =R90*S90*J90 -> 11520 | X90: 5: Zinc Chloride Electrolysis | Y90: 11520 | Z90: 11520 | AB90: 5: Zinc Chloride Electrolysis | AC90: 192 | AD90: 192 | AF90: 5: Zinc Chloride Electrolysis | AG90: 2 | AH90: 2 | AI90: 0
C91: Zinc Chloride | D91: =3*I92 -> 18 | E91: Zinc | F91: =1*I92 -> 6 | X91: 6: Hydrochloric Acid Recovery | Y91: 5040 | Z91: 10080 | AB91: 6: Hydrochloric Acid Recovery | AC91: 720 | AD91: 360 | AF91: 6: Hydrochloric Acid Recovery | AG91: 1 | AH91: 2 | AI91: 1
E92: Chlorine | F92: =2000*I92 -> 12000 | H92: Recipe Mult. | I92: 6 | X92: Grand Total | Y92: 77760 | Z92: #N/A
B94: 6: Hydrochloric Acid Recovery | H94: Chemical Reactor | I94: No | J94: 1 | K94: 01 - LV | L94: =VLOOKUP(K94,'Item Helper Sheet'!A2:B16,2,FALSE) -> 1 | M94: 7 | N94: =ROUNDUP(3*20*I96/J94,0) -> 720 | O94: =M94*N94*J94 -> 5040 | P94: 02 - MV | Q94: =VLOOKUP(P94,'Item Helper Sheet'!A2:B16,2,FALSE) -> 2 | R94: =M94*(2^((Q94-L94)*2)) -> 28 | S94: =ROUNDUP(IF(I94="Yes",N94/(2^((Q94-L94)*2)),N94/(2^(Q94-L94))),0) -> 360 | T94: =R94*S94*J94 -> 10080 | X94: SUM of Parallels | Y94: Machine Type
C95: Hydrogen | D95: =1000*I96 -> 12000 | E95: Hydrochloric Acid | F95: =1000*I96 -> 12000 | X95: Recipes | Y95: Chemical Reactor | Z95: Electrolyzer
C96: Chlorine | D96: =1000*I96 -> 12000 | H96: Recipe Mult. | I96: 12 | X96: 1: Trichlorosilane | Y96: 1
X97: 2: Trichlorosilane Separation | Y97: 1
C98: Silicon Poly SI | E98: Raw Silicon | X98: 3: Silane to Silicon Poly SI | Y98: 1 | AB98: SUM of Parallels | AC98: Recipe Tier | AF98: SUM of Parallels | AG98: OC Tier
X99: 4: Silicon T. to Silicon Poly SI | Y99: 1 | AB99: Machine Type | AC99: 01 - LV | AD99: 02 - MV | AE99: Grand Total | AF99: Machine Type | AG99: 02 - MV | AH99: MV | AI99: Grand Total
X100: 5: Zinc Chloride Electrolysis | Z100: 1 | AB100: Chemical Reactor | AC100: 5 | AE100: 5 | AF100: Chemical Reactor | AG100: 4 | AH100: 1 | AI100: 5
X101: 6: Hydrochloric Acid Recovery | Y101: 1 | AB101: Electrolyzer | AD101: 1 | AE101: 1 | AF101: Electrolyzer | AG101: 1 | AI101: 1
C102: Zinc Chloride is used here instead of Salt, due to the time and energy savings explained in the first two lines. The recipe multipliers cause this line to match 4 Poly SI Silicon produced, instead of 1. | X102: Grand Total | Y102: 5 | Z102: 1 | AB102: Grand Total | AC102: 5 | AD102: 1 | AE102: 6 | AF102: Grand Total | AG102: 5 | AH102: 1 | AI102: 6

Sheet Diesel -> CBD
B1: Line for Diesel | BI1: <- Recipes | BK1: Line for Cetane-Boosted Diesel using Diesel
B2: This is the Diesel processing line for powergen. It's here to compared to CBD, to gauge if it's worth upgrading the fuel. | BI2: Math -> | BK2: This is the Diesel version of Cetane-Boosted Diesel, sourced from Oil processing with additives. The other option uses Biodiesel.
B4: Recipes | C4: Inputs | D4: Input(L) | E4: Outputs | F4: Output(L) | H4: Machine Type | I4: Mach. Cost Formula | J4: Energy Hatch Cost | K4: Machine Cost | L4: OC Energy Hatch Cost | M4: OC Machine Cost | N4: Mach. Start. Cost Form. | O4: Machine Start. Cost | P4: OC Machine Start. Cost | Q4: Parallel Formula | R4: Perfect OC | S4: Parallels | T4: Specific Parallels | U4: Actual Parallels | V4: OC Parallels | W4: Sp. OC Parallels | X4: Act. OC Parallels | Y4: Recipe Tier | Z4: Tier Number | AA4: Recipe EU/t | AB4: Recipe Time (t) | AC4: Mult. Time (t) | AD4: EU Cost | AF4: Base Tier | AG4: Machine Count | AH4: Amps per Machine | AI4: Total EU/t Input | AJ4: Possible Parallels | AK4: Total Parallels | AL4: Bonused EU/t | AM4: Consumed EU/t | AN4: Base Time (t) | AO4: Bonused Time (t) | AP4: Final Time (t) | AQ4: Final EU Cost | AS4: OC Tier | AT4: OC Tier Number | AU4: OC Mac. Count | AV4: OC Amps p/Machine | AW4: OC Total EU/t Input | AX4: OC Poss. Parallels | AY4: OC Total Parallels | AZ4: OC Starting EU/t | BA4: Post-Paral. OC | BB4: OC Machin. EU/t | BC4: OC Total EU/t | BD4: OC Base Time (t) | BE4: OC Bonus Time (t) | BF4: OC Final Time (t) | BG4: OC EU Cost
B5: 01: Oil DT Distillation | H5: Distillation Tower | I5: =VLOOKUP(H5,'Machine List'!$A$1:$I$300,9,FALSE) -> 4000+500(7O-5) | J5: =IF(VLOOKUP(H5,'Machine List'!$A$1:$I$300,5,FALSE)="Multi",IF(VLOOKUP(H5,'Machine List'!$A$1:$I$300,6,FALSE)="Yes",AG5*3*10^Z5,AG5*(2*3)*10^(Z5-1)),0) -> 600 | K5: =J5+IF(ISNUMBER(I5),I5, SWITCH( I5, "1T",1*10^Z5, "2T",2*10^Z5, "3T",3*10^Z5, "4T",4*10^Z5, "4000+500(7O-5)",4000+500*(7*I6-5), "13500 + 16C",13500+16*VLOOKUP(J7,'Machine Helper Sheet'!$G$1:$K$16,5,FALSE), 1 ) ) -> 19600 | L5: =IF(VLOOKUP(H5,'Machine List'!$A$1:$I$300,5,FALSE)="Multi",IF(VLOOKUP(H5,'Machine List'!$A$1:$I$300,6,FALSE)="Yes",AU5*3*10^AT5,AU5*(2*3)*10^(AT5-1)),0) -> 240000 | M5: =L5+IF(ISNUMBER(I5),I5, SWITCH( I5, "1T",1*10^AT5, "2T",2*10^AT5, "3T",3*10^AT5, "4T",4*10^AT5, "4000+500(7O-5)",4000+500*(7*I6-5), 1 ) ) -> 259000 | N5: =VLOOKUP(H5,'Machine List'!$A$1:$I$300,8,FALSE) -> Tier | O5: =IF(ISNUMBER(N5),N5,10^Z5) -> 1000 | P5: =IF(ISNUMBER(N5),N5,10^AT5) -> 100000 | Q5: =VLOOKUP(H5,'Machine List'!$A$1:$B$138,2,FALSE) -> 1 | R5: No | S5: =IF(ISNUMBER(Q5),Q5, SWITCH( Q5, "1",1, "2T",Z5*2, "4T",Z5*4, "6T",Z5*6, "8T",Z5*8, "10T",Z5*10, "12T",Z5*12, "14T",Z5*14, "16T",Z5*16, "2(T+1)",2*(Z5+1), "1T*C",Z5*J7, 1 ) ) -> 1 | T5: No | U5: =IF(OR(T5="No",T5=""),S5,T5) -> 1 | V5: =IF(ISNUMBER(Q5),Q5, SWITCH( Q5, "1",1, "2T",AT5*2, "4T",AT5*4, "6T",AT5*6, "8T",AT5*8, "10T",AT5*10, "12T",AT5*12, "14T",AT5*14, "16T",AT5*16, "2(T+1)",2*(AT5+1), "1T*C",AT5*J7, 1 ) ) -> 1 | W5: =T5 -> No | X5: =IF(OR(W5="No",W5=""),V5,W5) -> 1 | Y5: 03 - HV | Z5: =VLOOKUP(Y5,'Item Helper Sheet'!$A$2:$B$16,2,FALSE) -> 3 | AA5: 480 | AB5: =1.6*20 -> 32 | AC5: =AB5*I7 -> 19200 | AD5: =AA5*AC5 -> 9216000 | AF5: =Y5 -> 03 - HV | AG5: 1 | AH5: 1 | AI5: =AH5*8*4^Z5 -> 512 | AJ5: =MIN(ROUNDDOWN(AI5/AL5,0),U5) -> 1 | AK5: =AJ5*AG5 -> 1 | AL5: =ROUNDUP(AA5*VLOOKUP(H5,'Machine List'!$A$2:$D$219,4,FALSE),0) -> 480 | AM5: =AL5*AK5 -> 480 | AN5: =ROUNDUP(AB5*I7,0) -> 19200 | AO5: =ROUNDUP(AN5/VLOOKUP(H5,'Machine List'!$A$2:$D$219,3,FALSE),0) -> 19200 | AP5: =ROUNDUP(AO5/AK5,0) -> 19200 | AQ5: =AM5*AP5 -> 9216000 | AS5: 05 - IV | AT5: =VLOOKUP(AS5,'Item Helper Sheet'!$A$2:$B$16,2,FALSE) -> 5 | AU5: 4 | AV5: 1 | AW5: =AV5*8*4^AT5 -> 8192 | AX5: =MIN(ROUNDDOWN(AW5/AL5,0),X5) -> 1 | AY5: =AX5*AU5 -> 4 | AZ5: =AL5 -> 480 | BA5: =MIN(AT5-Z5,IF(AW5>=AZ6*4, IF(AW5>=AZ6*4^2, IF(AW5>=AZ6*4^3, IF(AW5>=AZ6*4^4, IF(AW5>=AZ6*4^5, IF(AW5>=AZ6*4^6, IF(AW5>=AZ6*4^7, IF(AW5>=AZ6*4^8, IF(AW5>=AZ6*4^9, IF(AW5>=AZ6*4^10, 9), 8), 7), 6), 5), 4), 3), 2), 1), 0)) -> 2 | BB5: =AZ5*AX5*4^BA5 -> 7680 | BC5: =BB5*AU5 -> 30720 | BD5: =ROUNDUP(IF(R5="Yes",AN5/(2^((BA5)*2)),AN5/(2^(BA5))),0) -> 4800 | BE5: =ROUNDUP(BD5/VLOOKUP(H5,'Machine List'!$A$2:$D$219,3,FALSE),0) -> 4800 | BF5: =ROUNDUP(BE5/AY5,0) -> 1200 | BG5: =BF5*BC5 -> 36864000 | BQ5: Inputs | BR5: Amount Produced | BS5: Tier | BT5: Importance | BU5: Rarity | BY5: Input Rate | BZ5: Proportion Main Output | CA5: Base Input/s | CB5: OC Input/s | CC5: Desired Input/s | CE5: Main Output | CF5: Output Amount | CG5: Current Output/s | CH5: Current Output/s OC | CI5: Desired Output/s
C6: Oil | D6: =500*I7 -> 300000 | E6: Sulfuric Gas | F6: =600*I7 -> 360000 | H6: Output Count | I6: {=match(TRUE,ISBLANK(F6:F18),0)-1} -> 5 | J6: Coil Tier | K6: Glass Tier | AZ6: =AZ5*AX5 -> 480 | BQ6: Diesel | BR6: 360000 | BS6: =VLOOKUP(BQ6,'Item List'!$A$2:$D$300,2,FALSE) -> 2 | BT6: =VLOOKUP(BQ6,'Item List'!$A$2:$D$300,3,FALSE) -> 4 | BU6: =VLOOKUP(BQ6,'Item List'!$A$2:$D$300,4,FALSE) -> 3 | BY6: =VLOOKUP(BW6,$BK$5:$BL$15,2) -> 134000 | BZ6: =BY6/$CF$21 -> 0.37222222 | CA6: =1/($CG$8/BZ6) -> 4.1666667 | CB6: =1/($CH$8/BZ6) -> 111.66667 | CC6: =1/($CI$8/BZ6) -> 372.22222 | CE6: Diesel | CF6: =VLOOKUP(CE6,BQ5:BR16,2,FALSE) -> 360000 | CG6: =CF21/BO31*20 -> 223.8806 | CH6: =CF21/BP31*20 -> 6000 | CI6: 1000
E7: Sulfuric Naphtha | F7: =200*I7 -> 120000 | H7: Recipe Mult. | I7: 600 | J7: 00 - None | K7: 0 | BQ7: Heavy Fuel | BR7: 20000 | BS7: =VLOOKUP(BQ7,'Item List'!$A$2:$D$300,2,FALSE) -> 1 | BT7: =VLOOKUP(BQ7,'Item List'!$A$2:$D$300,3,FALSE) -> 4 | BU7: =VLOOKUP(BQ7,'Item List'!$A$2:$D$300,4,FALSE) -> 2 | BY7: =VLOOKUP(BW7,$BK$5:$BL$15,2) -> 300000 | BZ7: =BY7/$CF$21 -> 0.83333333 | CA7: =1/($CG$8/BZ7) -> 9.3283582 | CB7: =1/($CH$8/BZ7) -> 250 | CC7: =1/($CI$8/BZ7) -> 833.33333 | CG7: Time Per Output | CH7: Time per Output OC | CI7: Desired Output Time
E8: Sulfuric Light Fuel | F8: =500*I7 -> 300000 | BQ8: Hydrogen | BR8: -134000 | BS8: =VLOOKUP(BQ8,'Item List'!$A$2:$D$300,2,FALSE) -> 1 | BT8: =VLOOKUP(BQ8,'Item List'!$A$2:$D$300,3,FALSE) -> 4 | BU8: =VLOOKUP(BQ8,'Item List'!$A$2:$D$300,4,FALSE) -> 1 | BY8: =VLOOKUP(BW8,$BK$5:$BL$15,2) -> 268000 | CG8: =BO31/CF6 -> 0.089333333 | CH8: =BP31/CF6 -> 0.0033333333 | CI8: =1/CI6 -> 0.001
E9: Sulfuric Heavy Fuel | F9: =150*I7 -> 90000 | BQ9: Hydrogen Sulfide | BR9: 0 | BS9: =VLOOKUP(BQ9,'Item List'!$A$2:$D$300,2,FALSE) -> 1 | BT9: =VLOOKUP(BQ9,'Item List'!$A$2:$D$300,3,FALSE) -> 4 | BU9: =VLOOKUP(BQ9,'Item List'!$A$2:$D$300,4,FALSE) -> 2 | CG9: EU Cost p/ Output | CH9: EU Cost p/ Output OC
E10: Naphthenic Acid | F10: =25*I7 -> 15000 | BQ10: Light Fuel | BR10: 0 | BS10: =VLOOKUP(BQ10,'Item List'!$A$2:$D$300,2,FALSE) -> 1 | BT10: =VLOOKUP(BQ10,'Item List'!$A$2:$D$300,3,FALSE) -> 4 | BU10: =VLOOKUP(BQ10,'Item List'!$A$2:$D$300,4,FALSE) -> 2 | BY10: Output Rate | BZ10: Proportion Main Output | CA10: Base Output/s | CB10: OC Output/s | CC10: Desired Output/s | CG10: =BL30/CF6 -> 31.173333 | CH10: =BM30/CF6 -> 107.99733
BQ11: Naphtha | BR11: 120000 | BS11: =VLOOKUP(BQ11,'Item List'!$A$2:$D$300,2,FALSE) -> 1 | BT11: =VLOOKUP(BQ11,'Item List'!$A$2:$D$300,3,FALSE) -> 4 | BU11: =VLOOKUP(BQ11,'Item List'!$A$2:$D$300,4,FALSE) -> 2 | BY11: =BX11 -> 360000 | BZ11: =BY11/$CF$21 -> 1 | CA11: =1/($CG$8/BZ11) -> 11.19403 | CB11: =1/($CH$8/BZ11) -> 300 | CC11: =1/($CI$8/BZ11) -> 1000
B12: 02: Gas Dessulfurizing | H12: LCR | I12: =VLOOKUP(H12,'Machine List'!$A$1:$I$300,9,FALSE) -> 4000 | J12: =IF(VLOOKUP(H12,'Machine List'!$A$1:$I$300,5,FALSE)="Multi",IF(VLOOKUP(H12,'Machine List'!$A$1:$I$300,6,FALSE)="Yes",AG12*3*10^Z12,AG12*(2*3)*10^(Z12-1)),0) -> 6 | K12: =J12+IF(ISNUMBER(I12),I12, SWITCH( I12, "1T",1*10^Z12, "2T",2*10^Z12, "3T",3*10^Z12, "4T",4*10^Z12, "4000+500(7O-5)",4000+500*(7*I13-5), "13500 + 16C",13500+16*VLOOKUP(J14,'Machine Helper Sheet'!$G$1:$K$16,5,FALSE), 1 ) ) -> 4006 | L12: =IF(VLOOKUP(H12,'Machine List'!$A$1:$I$300,5,FALSE)="Multi",IF(VLOOKUP(H12,'Machine List'!$A$1:$I$300,6,FALSE)="Yes",AU12*3*10^AT12,AU12*(2*3)*10^(AT12-1)),0) -> 60000 | M12: =L12+IF(ISNUMBER(I12),I12, SWITCH( I12, "1T",1*10^AT12, "2T",2*10^AT12, "3T",3*10^AT12, "4T",4*10^AT12, "4000+500(7O-5)",4000+500*(7*I13-5), 1 ) ) -> 64000 | N12: =VLOOKUP(H12,'Machine List'!$A$1:$I$300,8,FALSE) -> Tier | O12: =IF(ISNUMBER(N12),N12,10^Z12) -> 10 | P12: =IF(ISNUMBER(N12),N12,10^AT12) -> 100000 | Q12: =VLOOKUP(H12,'Machine List'!$A$1:$B$138,2,FALSE) -> 1 | R12: Yes | S12: =IF(ISNUMBER(Q12),Q12, SWITCH( Q12, "1",1, "2T",Z12*2, "4T",Z12*4, "6T",Z12*6, "8T",Z12*8, "10T",Z12*10, "12T",Z12*12, "14T",Z12*14, "16T",Z12*16, "2(T+1)",2*(Z12+1), "1T*C",Z12*J14, 1 ) ) -> 1 | T12: No | U12: =IF(OR(T12="No",T12=""),S12,T12) -> 1 | V12: =IF(ISNUMBER(Q12),Q12, SWITCH( Q12, "1",1, "2T",AT12*2, "4T",AT12*4, "6T",AT12*6, "8T",AT12*8, "10T",AT12*10, "12T",AT12*12, "14T",AT12*14, "16T",AT12*16, "2(T+1)",2*(AT12+1), "1T*C",AT12*J14, 1 ) ) -> 1 | W12: =T12 -> No | X12: =IF(OR(W12="No",W12=""),V12,W12) -> 1 | Y12: 01 - LV | Z12: =VLOOKUP(Y12,'Item Helper Sheet'!$A$2:$B$16,2,FALSE) -> 1 | AA12: 30 | AB12: =8*20 -> 160 | AC12: =AB12*I14 -> 3520 | AD12: =AA12*AC12 -> 105600 | AF12: =Y12 -> 01 - LV | AG12: 1 | AH12: 1 | AI12: =AH12*8*4^Z12 -> 32 | AJ12: =MIN(ROUNDDOWN(AI12/AL12,0),U12) -> 1 | AK12: =IF(OR(T12="No",T12=""),AG12*S12,AG12*T12) -> 1 | AL12: =ROUNDUP(AA12*VLOOKUP(H12,'Machine List'!$A$2:$D$219,4,FALSE),0) -> 30 | AM12: =AL12*AK12 -> 30 | AN12: =ROUNDUP(AB12*I14,0) -> 3520 | AO12: =ROUNDUP(AN12/VLOOKUP(H12,'Machine List'!$A$2:$D$219,3,FALSE),0) -> 3520 | AP12: =ROUNDUP(AO12/AK12,0) -> 3520 | AQ12: =AM12*AP12 -> 105600 | AS12: 05 - IV | AT12: =VLOOKUP(AS12,'Item Helper Sheet'!$A$2:$B$16,2,FALSE) -> 5 | AU12: =AG12 -> 1 | AV12: 1 | AW12: =AV12*8*4^AT12 -> 8192 | AX12: =MIN(ROUNDDOWN(AW12/AL12,0),X12) -> 1 | AY12: =AX12*AU12 -> 1 | AZ12: =AL12 -> 30 | BA12: =MIN(AT12-Z12,IF(AW12>=AZ13*4, IF(AW12>=AZ13*4^2, IF(AW12>=AZ13*4^3, IF(AW12>=AZ13*4^4, IF(AW12>=AZ13*4^5, IF(AW12>=AZ13*4^6, IF(AW12>=AZ13*4^7, IF(AW12>=AZ13*4^8, IF(AW12>=AZ13*4^9, IF(AW12>=AZ13*4^10, 9), 8), 7), 6), 5), 4), 3), 2), 1), 0)) -> 4 | BB12: =AZ12*AX12*4^BA12 -> 7680 | BC12: =BB12*AU12 -> 7680 | BD12: =ROUNDUP(IF(R12="Yes",AN12/(2^((BA12)*2)),AN12/(2^(BA12))),0) -> 14 | BE12: =ROUNDUP(BD12/VLOOKUP(H12,'Machine List'!$A$2:$D$219,3,FALSE),0) -> 14 | BF12: =ROUNDUP(BE12/AY12,0) -> 14 | BG12: =BF12*BC12 -> 107520 | BQ12: Naphthenic Acid | BR12: 15000 | BS12: =VLOOKUP(BQ12,'Item List'!$A$2:$D$300,2,FALSE) -> 3 | BT12: =VLOOKUP(BQ12,'Item List'!$A$2:$D$300,3,FALSE) -> 2 | BU12: =VLOOKUP(BQ12,'Item List'!$A$2:$D$300,4,FALSE) -> 2 | BY12: =BX12 -> 120000 | BZ12: =BY12/$CF$21 -> 0.33333333 | CA12: =1/($CG$8/BZ12) -> 3.7313433 | CB12: =1/($CH$8/BZ12) -> 100 | CC12: =1/($CI$8/BZ12) -> 333.33333 | CE12: Base Tier Recipes | CF12: Overclocked Recipes
C13: Sulfuric Gas | D13: =16000*I14 -> 352000 | E13: Refinery Gas | F13: =16000*I14 -> 352000 | H13: Output Count | I13: {=match(TRUE,ISBLANK(F13:F25),0)-1} -> 2 | J13: Coil Tier | K13: Glass Tier | AZ13: =AZ12*AX12 -> 30 | BQ13: Oil | BR13: -300000 | BS13: =VLOOKUP(BQ13,'Item List'!$A$2:$D$300,2,FALSE) -> 1 | BT13: =VLOOKUP(BQ13,'Item List'!$A$2:$D$300,3,FALSE) -> 4 | BU13: =VLOOKUP(BQ13,'Item List'!$A$2:$D$300,4,FALSE) -> 1 | BY13: =BX13 -> 352000 | BZ13: =BY13/$CF$21 -> 0.97777778 | CA13: =1/($CG$8/BZ13) -> 10.945274 | CB13: =1/($CH$8/BZ13) -> 293.33333 | CC13: =1/($CI$8/BZ13) -> 977.77778 | CE13: Total Machine Count | CF13: Total Machine Count
C14: Hydrogen | D14: =2000*I14 -> 44000 | E14: Hydrogen Sulfide | F14: =1000*I14 -> 22000 | H14: Recipe Mult. | I14: 22 | J14: 00 - None | K14: 0 | BQ14: Oxygen | BR14: -268000 | BS14: =VLOOKUP(BQ14,'Item List'!$A$2:$D$300,2,FALSE) -> 1 | BT14: =VLOOKUP(BQ14,'Item List'!$A$2:$D$300,3,FALSE) -> 5 | BU14: =VLOOKUP(BQ14,'Item List'!$A$2:$D$300,4,FALSE) -> 1 | BY14: =BX14 -> 67000 | BZ14: =BY14/$CF$21 -> 0.18611111 | CA14: =1/($CG$8/BZ14) -> 2.0833333 | CB14: =1/($CH$8/BZ14) -> 55.833333 | CC14: =1/($CI$8/BZ14) -> 186.11111 | CE14: =BR37 -> 7 | CF14: =BR43 -> 6
BQ15: Refinery Gas | BR15: 352000 | BS15: =VLOOKUP(BQ15,'Item List'!$A$2:$D$300,2,FALSE) -> 1 | BT15: =VLOOKUP(BQ15,'Item List'!$A$2:$D$300,3,FALSE) -> 4 | BU15: =VLOOKUP(BQ15,'Item List'!$A$2:$D$300,4,FALSE) -> 2 | CE15: Total Machine Cost | CF15: Total Machine Cost
B16: 03: Naphtha Dessulfurizing | H16: LCR | I16: =VLOOKUP(H16,'Machine List'!$A$1:$I$300,9,FALSE) -> 4000 | J16: =IF(VLOOKUP(H16,'Machine List'!$A$1:$I$300,5,FALSE)="Multi",IF(VLOOKUP(H16,'Machine List'!$A$1:$I$300,6,FALSE)="Yes",AG16*3*10^Z16,AG16*(2*3)*10^(Z16-1)),0) -> 6 | K16: =J16+IF(ISNUMBER(I16),I16, SWITCH( I16, "1T",1*10^Z16, "2T",2*10^Z16, "3T",3*10^Z16, "4T",4*10^Z16, "4000+500(7O-5)",4000+500*(7*I17-5), "13500 + 16C",13500+16*VLOOKUP(J18,'Machine Helper Sheet'!$G$1:$K$16,5,FALSE), 1 ) ) -> 4006 | L16: =IF(VLOOKUP(H16,'Machine List'!$A$1:$I$300,5,FALSE)="Multi",IF(VLOOKUP(H16,'Machine List'!$A$1:$I$300,6,FALSE)="Yes",AU16*3*10^AT16,AU16*(2*3)*10^(AT16-1)),0) -> 60000 | M16: =L16+IF(ISNUMBER(I16),I16, SWITCH( I16, "1T",1*10^AT16, "2T",2*10^AT16, "3T",3*10^AT16, "4T",4*10^AT16, "4000+500(7O-5)",4000+500*(7*I17-5), 1 ) ) -> 64000 | N16: =VLOOKUP(H16,'Machine List'!$A$1:$I$300,8,FALSE) -> Tier | O16: =IF(ISNUMBER(N16),N16,10^Z16) -> 10 | P16: =IF(ISNUMBER(N16),N16,10^AT16) -> 100000 | Q16: =VLOOKUP(H16,'Machine List'!$A$1:$B$138,2,FALSE) -> 1 | R16: Yes | S16: =IF(ISNUMBER(Q16),Q16, SWITCH( Q16, "1",1, "2T",Z16*2, "4T",Z16*4, "6T",Z16*6, "8T",Z16*8, "10T",Z16*10, "12T",Z16*12, "14T",Z16*14, "16T",Z16*16, "2(T+1)",2*(Z16+1), "1T*C",Z16*J18, 1 ) ) -> 1 | T16: No | U16: =IF(OR(T16="No",T16=""),S16,T16) -> 1 | V16: =IF(ISNUMBER(Q16),Q16, SWITCH( Q16, "1",1, "2T",AT16*2, "4T",AT16*4, "6T",AT16*6, "8T",AT16*8, "10T",AT16*10, "12T",AT16*12, "14T",AT16*14, "16T",AT16*16, "2(T+1)",2*(AT16+1), "1T*C",AT16*J18, 1 ) ) -> 1 | W16: =T16 -> No | X16: =IF(OR(W16="No",W16=""),V16,W16) -> 1 | Y16: 01 - LV | Z16: =VLOOKUP(Y16,'Item Helper Sheet'!$A$2:$B$16,2,FALSE) -> 1 | AA16: 30 | AB16: =8*20 -> 160 | AC16: =AB16*I18 -> 1600 | AD16: =AA16*AC16 -> 48000 | AF16: =Y16 -> 01 - LV | AG16: 1 | AH16: 1 | AI16: =AH16*8*4^Z16 -> 32 | AJ16: =MIN(ROUNDDOWN(AI16/AL16,0),U16) -> 1 | AK16: =IF(OR(T16="No",T16=""),AG16*S16,AG16*T16) -> 1 | AL16: =ROUNDUP(AA16*VLOOKUP(H16,'Machine List'!$A$2:$D$219,4,FALSE),0) -> 30 | AM16: =AL16*AK16 -> 30 | AN16: =ROUNDUP(AB16*I18,0) -> 1600 | AO16: =ROUNDUP(AN16/VLOOKUP(H16,'Machine List'!$A$2:$D$219,3,FALSE),0) -> 1600 | AP16: =ROUNDUP(AO16/AK16,0) -> 1600 | AQ16: =AM16*AP16 -> 48000 | AS16: 05 - IV | AT16: =VLOOKUP(AS16,'Item Helper Sheet'!$A$2:$B$16,2,FALSE) -> 5 | AU16: =AG16 -> 1 | AV16: 1 | AW16: =AV16*8*4^AT16 -> 8192 | AX16: =MIN(ROUNDDOWN(AW16/AL16,0),X16) -> 1 | AY16: =AX16*AU16 -> 1 | AZ16: =AL16 -> 30 | BA16: =MIN(AT16-Z16,IF(AW16>=AZ17*4, IF(AW16>=AZ17*4^2, IF(AW16>=AZ17*4^3, IF(AW16>=AZ17*4^4, IF(AW16>=AZ17*4^5, IF(AW16>=AZ17*4^6, IF(AW16>=AZ17*4^7, IF(AW16>=AZ17*4^8, IF(AW16>=AZ17*4^9, IF(AW16>=AZ17*4^10, 9), 8), 7), 6), 5), 4), 3), 2), 1), 0)) -> 4 | BB16: =AZ16*AX16*4^BA16 -> 7680 | BC16: =BB16*AU16 -> 7680 | BD16: =ROUNDUP(IF(R16="Yes",AN16/(2^((BA16)*2)),AN16/(2^(BA16))),0) -> 7 | BE16: =ROUNDUP(BD16/VLOOKUP(H16,'Machine List'!$A$2:$D$219,3,FALSE),0) -> 7 | BF16: =ROUNDUP(BE16/AY16,0) -> 7 | BG16: =BF16*BC16 -> 53760 | BQ16: Sulfuric Acid | BR16: 67000 | BS16: =VLOOKUP(BQ16,'Item List'!$A$2:$D$300,2,FALSE) -> 1 | BT16: =VLOOKUP(BQ16,'Item List'!$A$2:$D$300,3,FALSE) -> 4 | BU16: =VLOOKUP(BQ16,'Item List'!$A$2:$D$300,4,FALSE) -> 1 | CE16: =SUM(BZ23:BZ29) -> 44230 | CF16: =SUM(BZ34:BZ40) -> 1193200
C17: Sulfuric Naphtha | D17: =12000*I18 -> 120000 | E17: Naphtha | F17: =12000*I18 -> 120000 | H17: Output Count | I17: {=match(TRUE,ISBLANK(F17:F29),0)-1} -> 2 | J17: Coil Tier | K17: Glass Tier | AZ17: =AZ16*AX16 -> 30 | BQ17: Sulfuric Gas | BR17: 8000 | BS17: =VLOOKUP(BQ17,'Item List'!$A$2:$D$300,2,FALSE) -> 1 | BT17: =VLOOKUP(BQ17,'Item List'!$A$2:$D$300,3,FALSE) -> 4 | BU17: =VLOOKUP(BQ17,'Item List'!$A$2:$D$300,4,FALSE) -> 2 | CE17: Highest Starting Cost | CF17: Highest Starting Cost
C18: Hydrogen | D18: =2000*I18 -> 20000 | E18: Hydrogen Sulfide | F18: =1000*I18 -> 10000 | H18: Recipe Mult. | I18: 10 | J18: 00 - None | K18: 0 | BQ18: Sulfuric Heavy Fuel | BR18: 10000 | BS18: =VLOOKUP(BQ18,'Item List'!$A$2:$D$300,2,FALSE) -> 1 | BT18: =VLOOKUP(BQ18,'Item List'!$A$2:$D$300,3,FALSE) -> 4 | BU18: =VLOOKUP(BQ18,'Item List'!$A$2:$D$300,4,FALSE) -> 2 | CE18: =CA31 -> 1000 | CF18: =CA42 -> 100000
BQ19: Sulfuric Light Fuel | BR19: 0 | BS19: =VLOOKUP(BQ19,'Item List'!$A$2:$D$300,2,FALSE) -> 1 | BT19: =VLOOKUP(BQ19,'Item List'!$A$2:$D$300,3,FALSE) -> 4 | BU19: =VLOOKUP(BQ19,'Item List'!$A$2:$D$300,4,FALSE) -> 2
B20: 04: Light Fuel Dessulfurizing | H20: LCR | I20: =VLOOKUP(H20,'Machine List'!$A$1:$I$300,9,FALSE) -> 4000 | J20: =IF(VLOOKUP(H20,'Machine List'!$A$1:$I$300,5,FALSE)="Multi",IF(VLOOKUP(H20,'Machine List'!$A$1:$I$300,6,FALSE)="Yes",AG20*3*10^Z20,AG20*(2*3)*10^(Z20-1)),0) -> 6 | K20: =J20+IF(ISNUMBER(I20),I20, SWITCH( I20, "1T",1*10^Z20, "2T",2*10^Z20, "3T",3*10^Z20, "4T",4*10^Z20, "4000+500(7O-5)",4000+500*(7*I21-5), "13500 + 16C",13500+16*VLOOKUP(J22,'Machine Helper Sheet'!$G$1:$K$16,5,FALSE), 1 ) ) -> 4006 | L20: =IF(VLOOKUP(H20,'Machine List'!$A$1:$I$300,5,FALSE)="Multi",IF(VLOOKUP(H20,'Machine List'!$A$1:$I$300,6,FALSE)="Yes",AU20*3*10^AT20,AU20*(2*3)*10^(AT20-1)),0) -> 600 | M20: =L20+IF(ISNUMBER(I20),I20, SWITCH( I20, "1T",1*10^AT20, "2T",2*10^AT20, "3T",3*10^AT20, "4T",4*10^AT20, "4000+500(7O-5)",4000+500*(7*I21-5), 1 ) ) -> 4600 | N20: =VLOOKUP(H20,'Machine List'!$A$1:$I$300,8,FALSE) -> Tier | O20: =IF(ISNUMBER(N20),N20,10^Z20) -> 10 | P20: =IF(ISNUMBER(N20),N20,10^AT20) -> 1000 | Q20: =VLOOKUP(H20,'Machine List'!$A$1:$B$138,2,FALSE) -> 1 | R20: Yes | S20: =IF(ISNUMBER(Q20),Q20, SWITCH( Q20, "1",1, "2T",Z20*2, "4T",Z20*4, "6T",Z20*6, "8T",Z20*8, "10T",Z20*10, "12T",Z20*12, "14T",Z20*14, "16T",Z20*16, "2(T+1)",2*(Z20+1), "1T*C",Z20*J22, 1 ) ) -> 1 | T20: No | U20: =IF(OR(T20="No",T20=""),S20,T20) -> 1 | V20: =IF(ISNUMBER(Q20),Q20, SWITCH( Q20, "1",1, "2T",AT20*2, "4T",AT20*4, "6T",AT20*6, "8T",AT20*8, "10T",AT20*10, "12T",AT20*12, "14T",AT20*14, "16T",AT20*16, "2(T+1)",2*(AT20+1), "1T*C",AT20*J22, 1 ) ) -> 1 | W20: =T20 -> No | X20: =IF(OR(W20="No",W20=""),V20,W20) -> 1 | Y20: 01 - LV | Z20: =VLOOKUP(Y20,'Item Helper Sheet'!$A$2:$B$16,2,FALSE) -> 1 | AA20: 30 | AB20: =8*20 -> 160 | AC20: =AB20*I22 -> 4000 | AD20: =AA20*AC20 -> 120000 | AF20: =Y20 -> 01 - LV | AG20: 1 | AH20: 1 | AI20: =AH20*8*4^Z20 -> 32 | AJ20: =MIN(ROUNDDOWN(AI20/AL20,0),U20) -> 1 | AK20: =IF(OR(T20="No",T20=""),AG20*S20,AG20*T20) -> 1 | AL20: =ROUNDUP(AA20*VLOOKUP(H20,'Machine List'!$A$2:$D$219,4,FALSE),0) -> 30 | AM20: =AL20*AK20 -> 30 | AN20: =ROUNDUP(AB20*I22,0) -> 4000 | AO20: =ROUNDUP(AN20/VLOOKUP(H20,'Machine List'!$A$2:$D$219,3,FALSE),0) -> 4000 | AP20: =ROUNDUP(AO20/AK20,0) -> 4000 | AQ20: =AM20*AP20 -> 120000 | AS20: 03 - HV | AT20: =VLOOKUP(AS20,'Item Helper Sheet'!$A$2:$B$16,2,FALSE) -> 3 | AU20: =AG20 -> 1 | AV20: 1 | AW20: =AV20*8*4^AT20 -> 512 | AX20: =MIN(ROUNDDOWN(AW20/AL20,0),X20) -> 1 | AY20: =AX20*AU20 -> 1 | AZ20: =AL20 -> 30 | BA20: =MIN(AT20-Z20,IF(AW20>=AZ21*4, IF(AW20>=AZ21*4^2, IF(AW20>=AZ21*4^3, IF(AW20>=AZ21*4^4, IF(AW20>=AZ21*4^5, IF(AW20>=AZ21*4^6, IF(AW20>=AZ21*4^7, IF(AW20>=AZ21*4^8, IF(AW20>=AZ21*4^9, IF(AW20>=AZ21*4^10, 9), 8), 7), 6), 5), 4), 3), 2), 1), 0)) -> 2 | BB20: =AZ20*AX20*4^BA20 -> 480 | BC20: =BB20*AU20 -> 480 | BD20: =ROUNDUP(IF(R20="Yes",AN20/(2^((BA20)*2)),AN20/(2^(BA20))),0) -> 250 | BE20: =ROUNDUP(BD20/VLOOKUP(H20,'Machine List'!$A$2:$D$219,3,FALSE),0) -> 250 | BF20: =ROUNDUP(BE20/AY20,0) -> 250 | BG20: =BF20*BC20 -> 120000 | BQ20: Sulfuric Naphtha | BR20: 0 | BS20: =VLOOKUP(BQ20,'Item List'!$A$2:$D$300,2,FALSE) -> 1 | BT20: =VLOOKUP(BQ20,'Item List'!$A$2:$D$300,3,FALSE) -> 4 | BU20: =VLOOKUP(BQ20,'Item List'!$A$2:$D$300,4,FALSE) -> 2 | CE20: Fuel Type | CF20: Output Amount | CG20: Fuel Value/L | CH20: Generator Efficiency
C21: Sulfuric Light Fuel | D21: =12000*I22 -> 300000 | E21: Light Fuel | F21: =12000*I22 -> 300000 | H21: Output Count | I21: {=match(TRUE,ISBLANK(F21:F33),0)-1} -> 2 | J21: Coil Tier | K21: Glass Tier | AZ21: =AZ20*AX20 -> 30 | CE21: =CE6 -> Diesel | CF21: =CF6 -> 360000 | CG21: 480 | CH21: 1.5
C22: Hydrogen | D22: =2000*I22 -> 50000 | E22: Hydrogen Sulfide | F22: =1000*I22 -> 25000 | H22: Recipe Mult. | I22: 25 | J22: 00 - None | K22: 0 | BK22: Recipes | BL22: EU Cost | BM22: OC EU Cost | BN22: Recipes | BO22: Time (t) | BP22: OC Time (t) | BQ22: Recipes | BR22: TierMin | BS22: SUM of OC Tier Number | BT22: SUM of Post-Paral. OC | BY22: Recipes | BZ22: Machine Cost p/ Recipe | CA22: Machine Start. Cost
BK23: 01: Oil DT Distillation | BL23: 9216000 | BM23: 36864000 | BN23: 01: Oil DT Distillation | BO23: 19200 | BP23: 1200 | BQ23: 01: Oil DT Distillation | BR23: 3 | BS23: 5 | BT23: 2 | BY23: 01: Oil DT Distillation | BZ23: 19600 | CA23: 1000 | CE23: Energy Produced | CF23: Energy Consumed (OC) | CG23: Line EU Efficiency
B24: 05: Heavy Fuel Dessulfurizing | H24: LCR | I24: =VLOOKUP(H24,'Machine List'!$A$1:$I$300,9,FALSE) -> 4000 | J24: =IF(VLOOKUP(H24,'Machine List'!$A$1:$I$300,5,FALSE)="Multi",IF(VLOOKUP(H24,'Machine List'!$A$1:$I$300,6,FALSE)="Yes",AG24*3*10^Z24,AG24*(2*3)*10^(Z24-1)),0) -> 6 | K24: =J24+IF(ISNUMBER(I24),I24, SWITCH( I24, "1T",1*10^Z24, "2T",2*10^Z24, "3T",3*10^Z24, "4T",4*10^Z24, "4000+500(7O-5)",4000+500*(7*I25-5), "13500 + 16C",13500+16*VLOOKUP(J26,'Machine Helper Sheet'!$G$1:$K$16,5,FALSE), 1 ) ) -> 4006 | L24: =IF(VLOOKUP(H24,'Machine List'!$A$1:$I$300,5,FALSE)="Multi",IF(VLOOKUP(H24,'Machine List'!$A$1:$I$300,6,FALSE)="Yes",AU24*3*10^AT24,AU24*(2*3)*10^(AT24-1)),0) -> 600 | M24: =L24+IF(ISNUMBER(I24),I24, SWITCH( I24, "1T",1*10^AT24, "2T",2*10^AT24, "3T",3*10^AT24, "4T",4*10^AT24, "4000+500(7O-5)",4000+500*(7*I25-5), 1 ) ) -> 4600 | N24: =VLOOKUP(H24,'Machine List'!$A$1:$I$300,8,FALSE) -> Tier | O24: =IF(ISNUMBER(N24),N24,10^Z24) -> 10 | P24: =IF(ISNUMBER(N24),N24,10^AT24) -> 1000 | Q24: =VLOOKUP(H24,'Machine List'!$A$1:$B$138,2,FALSE) -> 1 | R24: Yes | S24: =IF(ISNUMBER(Q24),Q24, SWITCH( Q24, "1",1, "2T",Z24*2, "4T",Z24*4, "6T",Z24*6, "8T",Z24*8, "10T",Z24*10, "12T",Z24*12, "14T",Z24*14, "16T",Z24*16, "2(T+1)",2*(Z24+1), "1T*C",Z24*J26, 1 ) ) -> 1 | T24: No | U24: =IF(OR(T24="No",T24=""),S24,T24) -> 1 | V24: =IF(ISNUMBER(Q24),Q24, SWITCH( Q24, "1",1, "2T",AT24*2, "4T",AT24*4, "6T",AT24*6, "8T",AT24*8, "10T",AT24*10, "12T",AT24*12, "14T",AT24*14, "16T",AT24*16, "2(T+1)",2*(AT24+1), "1T*C",AT24*J26, 1 ) ) -> 1 | W24: =T24 -> No | X24: =IF(OR(W24="No",W24=""),V24,W24) -> 1 | Y24: 01 - LV | Z24: =VLOOKUP(Y24,'Item Helper Sheet'!$A$2:$B$16,2,FALSE) -> 1 | AA24: 30 | AB24: =8*20 -> 160 | AC24: =AB24*I26 -> 1600 | AD24: =AA24*AC24 -> 48000 | AF24: =Y24 -> 01 - LV | AG24: 1 | AH24: 1 | AI24: =AH24*8*4^Z24 -> 32 | AJ24: =MIN(ROUNDDOWN(AI24/AL24,0),U24) -> 1 | AK24: =IF(OR(T24="No",T24=""),AG24*S24,AG24*T24) -> 1 | AL24: =ROUNDUP(AA24*VLOOKUP(H24,'Machine List'!$A$2:$D$219,4,FALSE),0) -> 30 | AM24: =AL24*AK24 -> 30 | AN24: =ROUNDUP(AB24*I26,0) -> 1600 | AO24: =ROUNDUP(AN24/VLOOKUP(H24,'Machine List'!$A$2:$D$219,3,FALSE),0) -> 1600 | AP24: =ROUNDUP(AO24/AK24,0) -> 1600 | AQ24: =AM24*AP24 -> 48000 | AS24: 03 - HV | AT24: =VLOOKUP(AS24,'Item Helper Sheet'!$A$2:$B$16,2,FALSE) -> 3 | AU24: =AG24 -> 1 | AV24: 1 | AW24: =AV24*8*4^AT24 -> 512 | AX24: =MIN(ROUNDDOWN(AW24/AL24,0),X24) -> 1 | AY24: =AX24*AU24 -> 1 | AZ24: =AL24 -> 30 | BA24: =MIN(AT24-Z24,IF(AW24>=AZ25*4, IF(AW24>=AZ25*4^2, IF(AW24>=AZ25*4^3, IF(AW24>=AZ25*4^4, IF(AW24>=AZ25*4^5, IF(AW24>=AZ25*4^6, IF(AW24>=AZ25*4^7, IF(AW24>=AZ25*4^8, IF(AW24>=AZ25*4^9, IF(AW24>=AZ25*4^10, 9), 8), 7), 6), 5), 4), 3), 2), 1), 0)) -> 2 | BB24: =AZ24*AX24*4^BA24 -> 480 | BC24: =BB24*AU24 -> 480 | BD24: =ROUNDUP(IF(R24="Yes",AN24/(2^((BA24)*2)),AN24/(2^(BA24))),0) -> 100 | BE24: =ROUNDUP(BD24/VLOOKUP(H24,'Machine List'!$A$2:$D$219,3,FALSE),0) -> 100 | BF24: =ROUNDUP(BE24/AY24,0) -> 100 | BG24: =BF24*BC24 -> 48000 | BK24: 02: Gas Dessulfurizing | BL24: 105600 | BM24: 107520 | BN24: 02: Gas Dessulfurizing | BO24: 3520 | BP24: 14 | BQ24: 02: Gas Dessulfurizing | BR24: 1 | BS24: 5 | BT24: 4 | BY24: 02: Gas Dessulfurizing | BZ24: 4006 | CA24: 10 | CE24: =CF21*CG21*CH21 -> 259200000 | CF24: =BM30 -> 38879040 | CG24: =1-(CF24/CE24) -> 0.8500037
C25: Sulfuric Heavy Fuel | D25: =8000*I26 -> 80000 | E25: Heavy Fuel | F25: =8000*I26 -> 80000 | H25: Output Count | I25: {=match(TRUE,ISBLANK(F25:F37),0)-1} -> 2 | J25: Coil Tier | K25: Glass Tier | AZ25: =AZ24*AX24 -> 30 | BK25: 03: Naphtha Dessulfurizing | BL25: 48000 | BM25: 53760 | BN25: 03: Naphtha Dessulfurizing | BO25: 1600 | BP25: 7 | BQ25: 03: Naphtha Dessulfurizing | BR25: 1 | BS25: 5 | BT25: 4 | BY25: 03: Naphtha Dessulfurizing | BZ25: 4006 | CA25: 10
C26: Hydrogen | D26: =2000*I26 -> 20000 | E26: Hydrogen Sulfide | F26: =1000*I26 -> 10000 | H26: Recipe Mult. | I26: 10 | J26: 00 - None | K26: 0 | BK26: 04: Light Fuel Dessulfurizing | BL26: 120000 | BM26: 120000 | BN26: 04: Light Fuel Dessulfurizing | BO26: 4000 | BP26: 250 | BQ26: 04: Light Fuel Dessulfurizing | BR26: 1 | BS26: 3 | BT26: 2 | BY26: 04: Light Fuel Dessulfurizing | BZ26: 4006 | CA26: 10 | CE26: Net Powergen | CF26: Max Recipe Time | CG26: Net Powergen/t
BK27: 05: Heavy Fuel Dessulfurizing | BL27: 48000 | BM27: 48000 | BN27: 05: Heavy Fuel Dessulfurizing | BO27: 1600 | BP27: 100 | BQ27: 05: Heavy Fuel Dessulfurizing | BR27: 1 | BS27: 3 | BT27: 2 | BY27: 05: Heavy Fuel Dessulfurizing | BZ27: 4006 | CA27: 10 | CE27: =CE24-CF24 -> 220320960 | CF27: =BP31 -> 1200 | CG27: =CE27/CF27 -> 183600.8
B28: 06: Sulfuric Acid | H28: LCR | I28: =VLOOKUP(H28,'Machine List'!$A$1:$I$300,9,FALSE) -> 4000 | J28: =IF(VLOOKUP(H28,'Machine List'!$A$1:$I$300,5,FALSE)="Multi",IF(VLOOKUP(H28,'Machine List'!$A$1:$I$300,6,FALSE)="Yes",AG28*3*10^Z28,AG28*(2*3)*10^(Z28-1)),0) -> 6 | K28: =J28+IF(ISNUMBER(I28),I28, SWITCH( I28, "1T",1*10^Z28, "2T",2*10^Z28, "3T",3*10^Z28, "4T",4*10^Z28, "4000+500(7O-5)",4000+500*(7*I29-5), "13500 + 16C",13500+16*VLOOKUP(J30,'Machine Helper Sheet'!$G$1:$K$16,5,FALSE), 1 ) ) -> 4006 | L28: =IF(VLOOKUP(H28,'Machine List'!$A$1:$I$300,5,FALSE)="Multi",IF(VLOOKUP(H28,'Machine List'!$A$1:$I$300,6,FALSE)="Yes",AU28*3*10^AT28,AU28*(2*3)*10^(AT28-1)),0) -> 6000 | M28: =L28+IF(ISNUMBER(I28),I28, SWITCH( I28, "1T",1*10^AT28, "2T",2*10^AT28, "3T",3*10^AT28, "4T",4*10^AT28, "4000+500(7O-5)",4000+500*(7*I29-5), 1 ) ) -> 10000 | N28: =VLOOKUP(H28,'Machine List'!$A$1:$I$300,8,FALSE) -> Tier | O28: =IF(ISNUMBER(N28),N28,10^Z28) -> 10 | P28: =IF(ISNUMBER(N28),N28,10^AT28) -> 10000 | Q28: =VLOOKUP(H28,'Machine List'!$A$1:$B$138,2,FALSE) -> 1 | R28: Yes | S28: =IF(ISNUMBER(Q28),Q28, SWITCH( Q28, "1",1, "2T",Z28*2, "4T",Z28*4, "6T",Z28*6, "8T",Z28*8, "10T",Z28*10, "12T",Z28*12, "14T",Z28*14, "16T",Z28*16, "2(T+1)",2*(Z28+1), "1T*C",Z28*J30, 1 ) ) -> 1 | T28: No | U28: =IF(OR(T28="No",T28=""),S28,T28) -> 1 | V28: =IF(ISNUMBER(Q28),Q28, SWITCH( Q28, "1",1, "2T",AT28*2, "4T",AT28*4, "6T",AT28*6, "8T",AT28*8, "10T",AT28*10, "12T",AT28*12, "14T",AT28*14, "16T",AT28*16, "2(T+1)",2*(AT28+1), "1T*C",AT28*J30, 1 ) ) -> 1 | W28: =T28 -> No | X28: =IF(OR(W28="No",W28=""),V28,W28) -> 1 | Y28: 01 - LV | Z28: =VLOOKUP(Y28,'Item Helper Sheet'!$A$2:$B$16,2,FALSE) -> 1 | AA28: 30 | AB28: =24*20 -> 480 | AC28: =AB28*I30 -> 32160 | AD28: =AA28*AC28 -> 964800 | AF28: =Y28 -> 01 - LV | AG28: 1 | AH28: 1 | AI28: =AH28*8*4^Z28 -> 32 | AJ28: =MIN(ROUNDDOWN(AI28/AL28,0),U28) -> 1 | AK28: =IF(OR(T28="No",T28=""),AG28*S28,AG28*T28) -> 1 | AL28: =ROUNDUP(AA28*VLOOKUP(H28,'Machine List'!$A$2:$D$219,4,FALSE),0) -> 30 | AM28: =AL28*AK28 -> 30 | AN28: =ROUNDUP(AB28*I30,0) -> 32160 | AO28: =ROUNDUP(AN28/VLOOKUP(H28,'Machine List'!$A$2:$D$219,3,FALSE),0) -> 32160 | AP28: =ROUNDUP(AO28/AK28,0) -> 32160 | AQ28: =AM28*AP28 -> 964800 | AS28: 04 - EV | AT28: =VLOOKUP(AS28,'Item Helper Sheet'!$A$2:$B$16,2,FALSE) -> 4 | AU28: =AG28 -> 1 | AV28: 1 | AW28: =AV28*8*4^AT28 -> 2048 | AX28: =MIN(ROUNDDOWN(AW28/AL28,0),X28) -> 1 | AY28: =AX28*AU28 -> 1 | AZ28: =AL28 -> 30 | BA28: =MIN(AT28-Z28,IF(AW28>=AZ29*4, IF(AW28>=AZ29*4^2, IF(AW28>=AZ29*4^3, IF(AW28>=AZ29*4^4, IF(AW28>=AZ29*4^5, IF(AW28>=AZ29*4^6, IF(AW28>=AZ29*4^7, IF(AW28>=AZ29*4^8, IF(AW28>=AZ29*4^9, IF(AW28>=AZ29*4^10, 9), 8), 7), 6), 5), 4), 3), 2), 1), 0)) -> 3 | BB28: =AZ28*AX28*4^BA28 -> 1920 | BC28: =BB28*AU28 -> 1920 | BD28: =ROUNDUP(IF(R28="Yes",AN28/(2^((BA28)*2)),AN28/(2^(BA28))),0) -> 503 | BE28: =ROUNDUP(BD28/VLOOKUP(H28,'Machine List'!$A$2:$D$219,3,FALSE),0) -> 503 | BF28: =ROUNDUP(BE28/AY28,0) -> 503 | BG28: =BF28*BC28 -> 965760 | BK28: 06: Sulfuric Acid | BL28: 964800 | BM28: 965760 | BN28: 06: Sulfuric Acid | BO28: 32160 | BP28: 503 | BQ28: 06: Sulfuric Acid | BR28: 1 | BS28: 4 | BT28: 3 | BY28: 06: Sulfuric Acid | BZ28: 4006 | CA28: 10
C29: Hydrogen Sulfide | D29: =1000*I30 -> 67000 | E29: Sulfuric Acid | F29: =1000*I30 -> 67000 | H29: Output Count | I29: {=match(TRUE,ISBLANK(F29:F41),0)-1} -> 1 | J29: Coil Tier | K29: Glass Tier | AZ29: =AZ28*AX28 -> 30 | BK29: 07: Diesel Mixing | BL29: 720000 | BM29: 720000 | BN29: 07: Diesel Mixing | BO29: 1500 | BP29: 375 | BQ29: 07: Diesel Mixing | BR29: 3 | BS29: 4 | BT29: 1 | BY29: 07: Diesel Mixing | BZ29: 4600 | CA29: 1000
C30: Oxygen | D30: =4000*I30 -> 268000 | H30: Recipe Mult. | I30: 67 | J30: 00 - None | K30: 0 | BK30: Grand Total | BL30: 11222400 | BM30: 38879040
B32: 07: Diesel Mixing | H32: LCR | I32: =VLOOKUP(H32,'Machine List'!$A$1:$I$300,9,FALSE) -> 4000 | J32: =IF(VLOOKUP(H32,'Machine List'!$A$1:$I$300,5,FALSE)="Multi",IF(VLOOKUP(H32,'Machine List'!$A$1:$I$300,6,FALSE)="Yes",AG32*3*10^Z32,AG32*(2*3)*10^(Z32-1)),0) -> 600 | K32: =J32+IF(ISNUMBER(I32),I32, SWITCH( I32, "1T",1*10^Z32, "2T",2*10^Z32, "3T",3*10^Z32, "4T",4*10^Z32, "4000+500(7O-5)",4000+500*(7*I33-5), "13500 + 16C",13500+16*VLOOKUP(J34,'Machine Helper Sheet'!$G$1:$K$16,5,FALSE), 1 ) ) -> 4600 | L32: =IF(VLOOKUP(H32,'Machine List'!$A$1:$I$300,5,FALSE)="Multi",IF(VLOOKUP(H32,'Machine List'!$A$1:$I$300,6,FALSE)="Yes",AU32*3*10^AT32,AU32*(2*3)*10^(AT32-1)),0) -> 6000 | M32: =L32+IF(ISNUMBER(I32),I32, SWITCH( I32, "1T",1*10^AT32, "2T",2*10^AT32, "3T",3*10^AT32, "4T",4*10^AT32, "4000+500(7O-5)",4000+500*(7*I33-5), 1 ) ) -> 10000 | N32: =VLOOKUP(H32,'Machine List'!$A$1:$I$300,8,FALSE) -> Tier | O32: =IF(ISNUMBER(N32),N32,10^Z32) -> 1000 | P32: =IF(ISNUMBER(N32),N32,10^AT32) -> 10000 | Q32: =VLOOKUP(H32,'Machine List'!$A$1:$B$138,2,FALSE) -> 1 | R32: Yes | S32: =IF(ISNUMBER(Q32),Q32, SWITCH( Q32, "1",1, "2T",Z32*2, "4T",Z32*4, "6T",Z32*6, "8T",Z32*8, "10T",Z32*10, "12T",Z32*12, "14T",Z32*14, "16T",Z32*16, "2(T+1)",2*(Z32+1), "1T*C",Z32*J34, 1 ) ) -> 1 | T32: No | U32: =IF(OR(T32="No",T32=""),S32,T32) -> 1 | V32: =IF(ISNUMBER(Q32),Q32, SWITCH( Q32, "1",1, "2T",AT32*2, "4T",AT32*4, "6T",AT32*6, "8T",AT32*8, "10T",AT32*10, "12T",AT32*12, "14T",AT32*14, "16T",AT32*16, "2(T+1)",2*(AT32+1), "1T*C",AT32*J34, 1 ) ) -> 1 | W32: =T32 -> No | X32: =IF(OR(W32="No",W32=""),V32,W32) -> 1 | Y32: 03 - HV | Z32: =VLOOKUP(Y32,'Item Helper Sheet'!$A$2:$B$16,2,FALSE) -> 3 | AA32: 480 | AB32: =5*20 -> 100 | AC32: =AB32*I34 -> 1500 | AD32: =AA32*AC32 -> 720000 | AF32: =Y32 -> 03 - HV | AG32: 1 | AH32: 1 | AI32: =AH32*8*4^Z32 -> 512 | AJ32: =MIN(ROUNDDOWN(AI32/AL32,0),U32) -> 1 | AK32: =IF(OR(T32="No",T32=""),AG32*S32,AG32*T32) -> 1 | AL32: =ROUNDUP(AA32*VLOOKUP(H32,'Machine List'!$A$2:$D$219,4,FALSE),0) -> 480 | AM32: =AL32*AK32 -> 480 | AN32: =ROUNDUP(AB32*I34,0) -> 1500 | AO32: =ROUNDUP(AN32/VLOOKUP(H32,'Machine List'!$A$2:$D$219,3,FALSE),0) -> 1500 | AP32: =ROUNDUP(AO32/AK32,0) -> 1500 | AQ32: =AM32*AP32 -> 720000 | AS32: 04 - EV | AT32: =VLOOKUP(AS32,'Item Helper Sheet'!$A$2:$B$16,2,FALSE) -> 4 | AU32: =AG32 -> 1 | AV32: 1 | AW32: =AV32*8*4^AT32 -> 2048 | AX32: =MIN(ROUNDDOWN(AW32/AL32,0),X32) -> 1 | AY32: =AX32*AU32 -> 1 | AZ32: =AL32 -> 480 | BA32: =MIN(AT32-Z32,IF(AW32>=AZ33*4, IF(AW32>=AZ33*4^2, IF(AW32>=AZ33*4^3, IF(AW32>=AZ33*4^4, IF(AW32>=AZ33*4^5, IF(AW32>=AZ33*4^6, IF(AW32>=AZ33*4^7, IF(AW32>=AZ33*4^8, IF(AW32>=AZ33*4^9, IF(AW32>=AZ33*4^10, 9), 8), 7), 6), 5), 4), 3), 2), 1), 0)) -> 1 | BB32: =AZ32*AX32*4^BA32 -> 1920 | BC32: =BB32*AU32 -> 1920 | BD32: =ROUNDUP(IF(R32="Yes",AN32/(2^((BA32)*2)),AN32/(2^(BA32))),0) -> 375 | BE32: =ROUNDUP(BD32/VLOOKUP(H32,'Machine List'!$A$2:$D$219,3,FALSE),0) -> 375 | BF32: =ROUNDUP(BE32/AY32,0) -> 375 | BG32: =BF32*BC32 -> 720000
C33: Light Fuel | D33: =20000*I34 -> 300000 | E33: Diesel | F33: =24000*I34 -> 360000 | H33: Output Count | I33: {=match(TRUE,ISBLANK(F33:F45),0)-1} -> 1 | J33: Coil Tier | K33: Glass Tier | AZ33: =AZ32*AX32 -> 480 | BK33: Base Machine Count | BL33: Machine Type | BO33: Machines p/Tier | BP33: Recipe Tier | BT33: Total Parallels | BU33: Recipe Tier | BY33: Recipes | BZ33: Machine Cost p/ OC Recipe | CA33: OC Machine Start. Cost
C34: Heavy Fuel | D34: =4000*I34 -> 60000 | H34: Recipe Mult. | I34: 15 | J34: 00 - None | K34: 0 | BK34: Recipes | BL34: Distillation Tower | BM34: LCR | BO34: Machine Type | BP34: 01 - LV | BQ34: 03 - HV | BR34: Grand Total | BT34: Machine Type | BU34: 01 - LV | BV34: 03 - HV | BW34: Grand Total | BY34: 01: Oil DT Distillation | BZ34: 1036000 | CA34: 100000
BK35: 01: Oil DT Distillation | BL35: 1 | BO35: Distillation Tower | BQ35: 1 | BR35: 1 | BT35: Distillation Tower | BV35: 1 | BW35: 1 | BY35: 02: Gas Dessulfurizing | BZ35: 64000 | CA35: 100000
BK36: 02: Gas Dessulfurizing | BM36: 1 | BO36: LCR | BP36: 5 | BQ36: 1 | BR36: 6 | BT36: LCR | BU36: 5 | BV36: 1 | BW36: 6 | BY36: 03: Naphtha Dessulfurizing | BZ36: 64000 | CA36: 100000
C37: Diesel | E37: Hydrogen | BK37: 03: Naphtha Dessulfurizing | BM37: 1 | BO37: Grand Total | BP37: 5 | BQ37: 2 | BR37: 7 | BT37: Grand Total | BU37: 5 | BV37: 2 | BW37: 7 | BY37: 04: Light Fuel Dessulfurizing | BZ37: 4600 | CA37: 1000
C38: Sulfuric Acid | E38: Oxygen | BK38: 04: Light Fuel Dessulfurizing | BM38: 1 | BY38: 05: Heavy Fuel Dessulfurizing | BZ38: 4600 | CA38: 1000
C39: Naphtha | E39: Oil | BK39: 05: Heavy Fuel Dessulfurizing | BM39: 1 | BO39: OC Mac. Count | BP39: OC Tier | BT39: OC Total Parallels | BU39: Recipe Tier | BY39: 06: Sulfuric Acid | BZ39: 10000 | CA39: 10000
C40: Naphthenic Acid | BK40: 06: Sulfuric Acid | BM40: 1 | BO40: Machine Type | BP40: 03 - HV | BQ40: 04 - EV | BR40: 05 - IV | BS40: Grand Total | BT40: Machine Type | BU40: 01 - LV | BV40: 03 - HV | BW40: Grand Total | BY40: 07: Diesel Mixing | BZ40: 10000 | CA40: 10000
C41: Refinery Gas | BK41: 07: Diesel Mixing | BM41: 1 | BO41: Distillation Tower | BR41: 4 | BS41: 4 | BT41: Distillation Tower | BV41: 4 | BW41: 4
BK42: Grand Total | BL42: 1 | BM42: 6 | BO42: LCR | BP42: 2 | BQ42: 2 | BR42: 2 | BS42: 6 | BT42: LCR | BU42: 5 | BV42: 1 | BW42: 6
BO43: Grand Total | BP43: 2 | BQ43: 2 | BR43: 6 | BS43: 10 | BT43: Grand Total | BU43: 5 | BV43: 5 | BW43: 10
BK44: OC Machine Count | BL44: Machine Type
BK45: Recipes | BL45: Distillation Tower | BM45: LCR
BK46: 01: Oil DT Distillation | BL46: 4
BK47: 02: Gas Dessulfurizing | BM47: 1
BK48: 03: Naphtha Dessulfurizing | BM48: 1
BK49: 04: Light Fuel Dessulfurizing | BM49: 1
BK50: 05: Heavy Fuel Dessulfurizing | BM50: 1
BK51: 06: Sulfuric Acid | BM51: 1
BK52: 07: Diesel Mixing | BM52: 1
BK53: Grand Total | BL53: 4 | BM53: 6
B57: Line for Cetane-Boosted Diesel using Diesel | BI57: <- Recipes | BK57: Line for Cetane-Boosted Diesel using Diesel
B58: This is the Diesel version of Cetane-Boosted Diesel, sourced from Oil processing with additives. The other option uses Biodiesel. | BI58: Math -> | BK58: This is the Diesel version of Cetane-Boosted Diesel, sourced from Oil processing with additives. The other option uses Biodiesel.
B60: Recipes | C60: Inputs | D60: Input(L) | E60: Outputs | F60: Output(L) | H60: Machine Type | I60: Mach. Cost Formula | J60: Energy Hatch Cost | K60: Machine Cost | L60: OC Energy Hatch Cost | M60: OC Machine Cost | N60: Mach. Start. Cost Form. | O60: Machine Start. Cost | P60: OC Machine Start. Cost | Q60: Parallel Formula | R60: Perfect OC | S60: Parallels | T60: Specific Parallels | U60: Actual Parallels | V60: OC Parallels | W60: Sp. OC Parallels | X60: Act. OC Parallels | Y60: Recipe Tier | Z60: Tier Number | AA60: Recipe EU/t | AB60: Recipe Time (t) | AC60: Mult. Time (t) | AD60: EU Cost | AF60: Base Tier | AG60: Machine Count | AH60: Amps per Machine | AI60: Total EU/t Input | AJ60: Possible Parallels | AK60: Total Parallels | AL60: Bonused EU/t | AM60: Consumed EU/t | AN60: Base Time (t) | AO60: Bonused Time (t) | AP60: Final Time (t) | AQ60: Final EU Cost | AS60: OC Tier | AT60: OC Tier Number | AU60: OC Mac. Count | AV60: OC Amps p/Machine | AW60: OC Total EU/t Input | AX60: OC Poss. Parallels | AY60: OC Total Parallels | AZ60: OC Starting EU/t | BA60: Post-Paral. OC | BB60: OC Machin. EU/t | BC60: OC Total EU/t | BD60: OC Base Time (t) | BE60: OC Bonus Time (t) | BF60: OC Final Time (t) | BG60: OC EU Cost
B61: 01: Oil DT Distillation | H61: Distillation Tower | I61: =VLOOKUP(H61,'Machine List'!$A$1:$I$300,9,FALSE) -> 4000+500(7O-5) | J61: =IF(VLOOKUP(H61,'Machine List'!$A$1:$I$300,5,FALSE)="Multi",IF(VLOOKUP(H61,'Machine List'!$A$1:$I$300,6,FALSE)="Yes",AG61*3*10^Z61,AG61*(2*3)*10^(Z61-1)),0) -> 600 | K61: =J61+IF(ISNUMBER(I61),I61, SWITCH( I61, "1T",1*10^Z61, "2T",2*10^Z61, "3T",3*10^Z61, "4T",4*10^Z61, "4000+500(7O-5)",4000+500*(7*I62-5), "13500 + 16C",13500+16*VLOOKUP(J63,'Machine Helper Sheet'!$G$1:$K$16,5,FALSE), 1 ) ) -> 19600 | L61: =IF(VLOOKUP(H61,'Machine List'!$A$1:$I$300,5,FALSE)="Multi",IF(VLOOKUP(H61,'Machine List'!$A$1:$I$300,6,FALSE)="Yes",AU61*3*10^AT61,AU61*(2*3)*10^(AT61-1)),0) -> 6000 | M61: =L61+IF(ISNUMBER(I61),I61, SWITCH( I61, "1T",1*10^AT61, "2T",2*10^AT61, "3T",3*10^AT61, "4T",4*10^AT61, "4000+500(7O-5)",4000+500*(7*I62-5), 1 ) ) -> 25000 | N61: =VLOOKUP(H61,'Machine List'!$A$1:$I$300,8,FALSE) -> Tier | O61: =IF(ISNUMBER(N61),N61,10^Z61) -> 1000 | P61: =IF(ISNUMBER(N61),N61,10^AT61) -> 10000 | Q61: =VLOOKUP(H61,'Machine List'!$A$1:$B$138,2,FALSE) -> 1 | R61: No | S61: =IF(ISNUMBER(Q61),Q61, SWITCH( Q61, "1",1, "2T",Z61*2, "4T",Z61*4, "6T",Z61*6, "8T",Z61*8, "10T",Z61*10, "12T",Z61*12, "14T",Z61*14, "16T",Z61*16, "2(T+1)",2*(Z61+1), "1T*C",Z61*J63, 1 ) ) -> 1 | T61: No | U61: =IF(OR(T61="No",T61=""),S61,T61) -> 1 | V61: =IF(ISNUMBER(Q61),Q61, SWITCH( Q61, "1",1, "2T",AT61*2, "4T",AT61*4, "6T",AT61*6, "8T",AT61*8, "10T",AT61*10, "12T",AT61*12, "14T",AT61*14, "16T",AT61*16, "2(T+1)",2*(AT61+1), "1T*C",AT61*J63, 1 ) ) -> 1 | W61: =T61 -> No | X61: =IF(OR(W61="No",W61=""),V61,W61) -> 1 | Y61: 03 - HV | Z61: =VLOOKUP(Y61,'Item Helper Sheet'!$A$2:$B$16,2,FALSE) -> 3 | AA61: 480 | AB61: =1.6*20 -> 32 | AC61: =AB61*I63 -> 19200 | AD61: =AA61*AC61 -> 9216000 | AF61: =Y61 -> 03 - HV | AG61: 1 | AH61: 1 | AI61: =AH61*8*4^Z61 -> 512 | AJ61: =MIN(ROUNDDOWN(AI61/AL61,0),U61) -> 1 | AK61: =AJ61*AG61 -> 1 | AL61: =ROUNDUP(AA61*VLOOKUP(H61,'Machine List'!$A$2:$D$219,4,FALSE),0) -> 480 | AM61: =AL61*AK61 -> 480 | AN61: =ROUNDUP(AB61*I63,0) -> 19200 | AO61: =ROUNDUP(AN61/VLOOKUP(H61,'Machine List'!$A$2:$D$219,3,FALSE),0) -> 19200 | AP61: =ROUNDUP(AO61/AK61,0) -> 19200 | AQ61: =AM61*AP61 -> 9216000 | AS61: 04 - EV | AT61: =VLOOKUP(AS61,'Item Helper Sheet'!$A$2:$B$16,2,FALSE) -> 4 | AU61: 1 | AV61: 1 | AW61: =AV61*8*4^AT61 -> 2048 | AX61: =MIN(ROUNDDOWN(AW61/AL61,0),X61) -> 1 | AY61: =AX61*AU61 -> 1 | AZ61: =AL61 -> 480 | BA61: =MIN(AT61-Z61,IF(AW61>=AZ62*4, IF(AW61>=AZ62*4^2, IF(AW61>=AZ62*4^3, IF(AW61>=AZ62*4^4, IF(AW61>=AZ62*4^5, IF(AW61>=AZ62*4^6, IF(AW61>=AZ62*4^7, IF(AW61>=AZ62*4^8, IF(AW61>=AZ62*4^9, IF(AW61>=AZ62*4^10, 9), 8), 7), 6), 5), 4), 3), 2), 1), 0)) -> 1 | BB61: =AZ61*AX61*4^BA61 -> 1920 | BC61: =BB61*AU61 -> 1920 | BD61: =ROUNDUP(IF(R61="Yes",AN61/(2^((BA61)*2)),AN61/(2^(BA61))),0) -> 9600 | BE61: =ROUNDUP(BD61/VLOOKUP(H61,'Machine List'!$A$2:$D$219,3,FALSE),0) -> 9600 | BF61: =ROUNDUP(BE61/AY61,0) -> 9600 | BG61: =BF61*BC61 -> 18432000 | BQ61: Inputs | BR61: Amount Produced | BS61: Tier | BT61: Importance | BU61: Rarity | BY61: Input Rate | BZ61: Proportion Main Output | CA61: Base Input/s | CB61: OC Input/s | CC61: Desired Input/s | CE61: Main Output | CF61: Output Amount | CG61: Current Output/s | CH61: Current Output/s OC | CI61: Desired Output/s
C62: Oil | D62: =500*I63 -> 300000 | E62: Sulfuric Gas | F62: =600*I63 -> 360000 | H62: Output Count | I62: {=match(TRUE,ISBLANK(F62:F74),0)-1} -> 5 | J62: Coil Tier | K62: Glass Tier | AZ62: =AZ61*AX61 -> 480 | BQ62: Acetic Acid | BR62: 0 | BS62: =VLOOKUP(BQ62,'Item List'!$A$2:$D$300,2,FALSE) -> 1 | BT62: =VLOOKUP(BQ62,'Item List'!$A$2:$D$300,3,FALSE) -> 4 | BU62: =VLOOKUP(BQ62,'Item List'!$A$2:$D$300,4,FALSE) -> 2 | BY62: =VLOOKUP(BW62,$BK$5:$BL$15,2) -> 134000 | BZ62: =BY62/$CF$21 -> 0.37222222 | CA62: =$CG$6*BZ62 -> 83.333333 | CB62: =$CH$6*BZ62 -> 2233.3333 | CC62: =$CI$6*BZ62 -> 372.22222 | CE62: Cetane-Boosted Diesel | CF62: =VLOOKUP(CE62,BQ61:BR72,2,FALSE) -> 360000 | CG62: =CF77/BO114*20 -> 223.8806 | CH62: =CF77/BP114*20 -> 750 | CI62: 1000
E63: Sulfuric Naphtha | F63: =200*I63 -> 120000 | H63: Recipe Mult. | I63: 600 | J63: 00 - None | K63: 0 | BQ63: Ammonia | BR63: 0 | BS63: =VLOOKUP(BQ63,'Item List'!$A$2:$D$300,2,FALSE) -> 3 | BT63: =VLOOKUP(BQ63,'Item List'!$A$2:$D$300,3,FALSE) -> 5 | BU63: =VLOOKUP(BQ63,'Item List'!$A$2:$D$300,4,FALSE) -> 2 | BY63: =VLOOKUP(BW63,$BK$5:$BL$15,2) -> 0 | BZ63: =BY63/$CF$21 -> 0 | CA63: =$CG$6*BZ63 -> 0 | CB63: =$CH$6*BZ63 -> 0 | CC63: =$CI$6*BZ63 -> 0 | CG63: Time Per Output | CH63: Time per Output OC | CI63: Desired Output Time
E64: Sulfuric Light Fuel | F64: =500*I63 -> 300000 | BQ64: Carbon Dust | BR64: 2.7 | BS64: =VLOOKUP(BQ64,'Item List'!$A$2:$D$300,2,FALSE) -> 1 | BT64: =VLOOKUP(BQ64,'Item List'!$A$2:$D$300,3,FALSE) -> 4 | BU64: =VLOOKUP(BQ64,'Item List'!$A$2:$D$300,4,FALSE) -> 1 | BY64: =VLOOKUP(BW64,$BK$5:$BL$15,2) -> 300000 | CG64: =BO114/CF62 -> 0.089333333 | CH64: =BP114/CF62 -> 0.026666667 | CI64: =1/CI62*20 -> 0.02
E65: Sulfuric Heavy Fuel | F65: =150*I63 -> 90000 | BQ65: Cetane-Boosted Diesel | BR65: 360000 | BS65: =VLOOKUP(BQ65,'Item List'!$A$2:$D$300,2,FALSE) -> 3 | BT65: =VLOOKUP(BQ65,'Item List'!$A$2:$D$300,3,FALSE) -> 4 | BU65: =VLOOKUP(BQ65,'Item List'!$A$2:$D$300,4,FALSE) -> 3 | CG65: EU Cost p/ Output | CH65: EU Cost p/ Output OC
E66: Naphthenic Acid | F66: =25*I63 -> 15000 | BQ66: Diesel | BR66: 0 | BS66: =VLOOKUP(BQ66,'Item List'!$A$2:$D$300,2,FALSE) -> 2 | BT66: =VLOOKUP(BQ66,'Item List'!$A$2:$D$300,3,FALSE) -> 4 | BU66: =VLOOKUP(BQ66,'Item List'!$A$2:$D$300,4,FALSE) -> 3 | CG66: =BL113/CF62 -> 51.708 | CH66: =BM113/CF62 -> 82.381333
BQ67: Diluted Sulfuric Acid | BR67: 40 | BS67: =VLOOKUP(BQ67,'Item List'!$A$2:$D$300,2,FALSE) -> 1 | BT67: =VLOOKUP(BQ67,'Item List'!$A$2:$D$300,3,FALSE) -> 4 | BU67: =VLOOKUP(BQ67,'Item List'!$A$2:$D$300,4,FALSE) -> 2
B68: 02: Gas Dessulfurizing | H68: LCR | I68: =VLOOKUP(H68,'Machine List'!$A$1:$I$300,9,FALSE) -> 4000 | J68: =IF(VLOOKUP(H68,'Machine List'!$A$1:$I$300,5,FALSE)="Multi",IF(VLOOKUP(H68,'Machine List'!$A$1:$I$300,6,FALSE)="Yes",AG68*3*10^Z68,AG68*(2*3)*10^(Z68-1)),0) -> 6 | K68: =J68+IF(ISNUMBER(I68),I68, SWITCH( I68, "1T",1*10^Z68, "2T",2*10^Z68, "3T",3*10^Z68, "4T",4*10^Z68, "4000+500(7O-5)",4000+500*(7*I69-5), "13500 + 16C",13500+16*VLOOKUP(J70,'Machine Helper Sheet'!$G$1:$K$16,5,FALSE), 1 ) ) -> 4006 | L68: =IF(VLOOKUP(H68,'Machine List'!$A$1:$I$300,5,FALSE)="Multi",IF(VLOOKUP(H68,'Machine List'!$A$1:$I$300,6,FALSE)="Yes",AU68*3*10^AT68,AU68*(2*3)*10^(AT68-1)),0) -> 6000 | M68: =L68+IF(ISNUMBER(I68),I68, SWITCH( I68, "1T",1*10^AT68, "2T",2*10^AT68, "3T",3*10^AT68, "4T",4*10^AT68, "4000+500(7O-5)",4000+500*(7*I69-5), 1 ) ) -> 10000 | N68: =VLOOKUP(H68,'Machine List'!$A$1:$I$300,8,FALSE) -> Tier | O68: =IF(ISNUMBER(N68),N68,10^Z68) -> 10 | P68: =IF(ISNUMBER(N68),N68,10^AT68) -> 10000 | Q68: =VLOOKUP(H68,'Machine List'!$A$1:$B$138,2,FALSE) -> 1 | R68: Yes | S68: =IF(ISNUMBER(Q68),Q68, SWITCH( Q68, "1",1, "2T",Z68*2, "4T",Z68*4, "6T",Z68*6, "8T",Z68*8, "10T",Z68*10, "12T",Z68*12, "14T",Z68*14, "16T",Z68*16, "2(T+1)",2*(Z68+1), "1T*C",Z68*J70, 1 ) ) -> 1 | T68: No | U68: =IF(OR(T68="No",T68=""),S68,T68) -> 1 | V68: =IF(ISNUMBER(Q68),Q68, SWITCH( Q68, "1",1, "2T",AT68*2, "4T",AT68*4, "6T",AT68*6, "8T",AT68*8, "10T",AT68*10, "12T",AT68*12, "14T",AT68*14, "16T",AT68*16, "2(T+1)",2*(AT68+1), "1T*C",AT68*J70, 1 ) ) -> 1 | W68: =T68 -> No | X68: =IF(OR(W68="No",W68=""),V68,W68) -> 1 | Y68: 01 - LV | Z68: =VLOOKUP(Y68,'Item Helper Sheet'!$A$2:$B$16,2,FALSE) -> 1 | AA68: 30 | AB68: =8*20 -> 160 | AC68: =AB68*I70 -> 3520 | AD68: =AA68*AC68 -> 105600 | AF68: =Y68 -> 01 - LV | AG68: 1 | AH68: 1 | AI68: =AH68*8*4^Z68 -> 32 | AJ68: =MIN(ROUNDDOWN(AI68/AL68,0),U68) -> 1 | AK68: =IF(OR(T68="No",T68=""),AG68*S68,AG68*T68) -> 1 | AL68: =ROUNDUP(AA68*VLOOKUP(H68,'Machine List'!$A$2:$D$219,4,FALSE),0) -> 30 | AM68: =AL68*AK68 -> 30 | AN68: =ROUNDUP(AB68*I70,0) -> 3520 | AO68: =ROUNDUP(AN68/VLOOKUP(H68,'Machine List'!$A$2:$D$219,3,FALSE),0) -> 3520 | AP68: =ROUNDUP(AO68/AK68,0) -> 3520 | AQ68: =AM68*AP68 -> 105600 | AS68: 04 - EV | AT68: =VLOOKUP(AS68,'Item Helper Sheet'!$A$2:$B$16,2,FALSE) -> 4 | AU68: =AG68 -> 1 | AV68: 1 | AW68: =AV68*8*4^AT68 -> 2048 | AX68: =MIN(ROUNDDOWN(AW68/AL68,0),X68) -> 1 | AY68: =AX68*AU68 -> 1 | AZ68: =AL68 -> 30 | BA68: =MIN(AT68-Z68,IF(AW68>=AZ69*4, IF(AW68>=AZ69*4^2, IF(AW68>=AZ69*4^3, IF(AW68>=AZ69*4^4, IF(AW68>=AZ69*4^5, IF(AW68>=AZ69*4^6, IF(AW68>=AZ69*4^7, IF(AW68>=AZ69*4^8, IF(AW68>=AZ69*4^9, IF(AW68>=AZ69*4^10, 9), 8), 7), 6), 5), 4), 3), 2), 1), 0)) -> 3 | BB68: =AZ68*AX68*4^BA68 -> 1920 | BC68: =BB68*AU68 -> 1920 | BD68: =ROUNDUP(IF(R68="Yes",AN68/(2^((BA68)*2)),AN68/(2^(BA68))),0) -> 55 | BE68: =ROUNDUP(BD68/VLOOKUP(H68,'Machine List'!$A$2:$D$219,3,FALSE),0) -> 55 | BF68: =ROUNDUP(BE68/AY68,0) -> 55 | BG68: =BF68*BC68 -> 105600 | BQ68: Ethane | BR68: 270 | BS68: =VLOOKUP(BQ68,'Item List'!$A$2:$D$300,2,FALSE) -> 1 | BT68: =VLOOKUP(BQ68,'Item List'!$A$2:$D$300,3,FALSE) -> 3 | BU68: =VLOOKUP(BQ68,'Item List'!$A$2:$D$300,4,FALSE) -> 2 | BY68: Output Rate | BZ68: Proportion Main Output | CA68: Base Output/s | CB68: OC Output/s | CC68: Desired Output/s | CE68: Base Tier Recipes | CF68: Overclocked Recipes
C69: Sulfuric Gas | D69: =16000*I70 -> 352000 | E69: Refinery Gas | F69: =16000*I70 -> 352000 | H69: Output Count | I69: {=match(TRUE,ISBLANK(F69:F81),0)-1} -> 2 | J69: Coil Tier | K69: Glass Tier | AZ69: =AZ68*AX68 -> 30 | BQ69: Ethenone | BR69: 0 | BS69: =VLOOKUP(BQ69,'Item List'!$A$2:$D$300,2,FALSE) -> 2 | BT69: =VLOOKUP(BQ69,'Item List'!$A$2:$D$300,3,FALSE) -> 4 | BU69: =VLOOKUP(BQ69,'Item List'!$A$2:$D$300,4,FALSE) -> 2 | BY69: =BX69 -> 360000 | BZ69: =BY69/$CF$21 -> 1 | CA69: =$CG$6*BZ69 -> 223.8806 | CB69: =$CH$6*BZ69 -> 6000 | CC69: =$CI$6*BZ69 -> 1000 | CE69: Total Machine Count | CF69: Total Machine Count
C70: Hydrogen | D70: =2000*I70 -> 44000 | E70: Hydrogen Sulfide | F70: =1000*I70 -> 22000 | H70: Recipe Mult. | I70: 22 | J70: 00 - None | K70: 0 | BQ70: Ethylene | BR70: 100 | BS70: =VLOOKUP(BQ70,'Item List'!$A$2:$D$300,2,FALSE) -> 1 | BT70: =VLOOKUP(BQ70,'Item List'!$A$2:$D$300,3,FALSE) -> 5 | BU70: =VLOOKUP(BQ70,'Item List'!$A$2:$D$300,4,FALSE) -> 2 | BY70: =BX70 -> 120000 | BZ70: =BY70/$CF$21 -> 0.33333333 | CA70: =$CG$6*BZ70 -> 74.626866 | CB70: =$CH$6*BZ70 -> 2000 | CC70: =$CI$6*BZ70 -> 333.33333 | CE70: =BP134 -> 16 | CF70: =BP154 -> 16
BQ71: Heavy Fuel | BR71: 20000 | BS71: =VLOOKUP(BQ71,'Item List'!$A$2:$D$300,2,FALSE) -> 1 | BT71: =VLOOKUP(BQ71,'Item List'!$A$2:$D$300,3,FALSE) -> 4 | BU71: =VLOOKUP(BQ71,'Item List'!$A$2:$D$300,4,FALSE) -> 2 | BY71: =BX71 -> 329500 | BZ71: =BY71/$CF$21 -> 0.91527778 | CA71: =$CG$6*BZ71 -> 204.91294 | CB71: =$CH$6*BZ71 -> 5491.6667 | CC71: =$CI$6*BZ71 -> 915.27778 | CE71: Total Machine Cost | CF71: Total Machine Cost
B72: 03: Naphtha Dessulfurizing | H72: LCR | I72: =VLOOKUP(H72,'Machine List'!$A$1:$I$300,9,FALSE) -> 4000 | J72: =IF(VLOOKUP(H72,'Machine List'!$A$1:$I$300,5,FALSE)="Multi",IF(VLOOKUP(H72,'Machine List'!$A$1:$I$300,6,FALSE)="Yes",AG72*3*10^Z72,AG72*(2*3)*10^(Z72-1)),0) -> 6 | K72: =J72+IF(ISNUMBER(I72),I72, SWITCH( I72, "1T",1*10^Z72, "2T",2*10^Z72, "3T",3*10^Z72, "4T",4*10^Z72, "4000+500(7O-5)",4000+500*(7*I73-5), "13500 + 16C",13500+16*VLOOKUP(J74,'Machine Helper Sheet'!$G$1:$K$16,5,FALSE), 1 ) ) -> 4006 | L72: =IF(VLOOKUP(H72,'Machine List'!$A$1:$I$300,5,FALSE)="Multi",IF(VLOOKUP(H72,'Machine List'!$A$1:$I$300,6,FALSE)="Yes",AU72*3*10^AT72,AU72*(2*3)*10^(AT72-1)),0) -> 6000 | M72: =L72+IF(ISNUMBER(I72),I72, SWITCH( I72, "1T",1*10^AT72, "2T",2*10^AT72, "3T",3*10^AT72, "4T",4*10^AT72, "4000+500(7O-5)",4000+500*(7*I73-5), 1 ) ) -> 10000 | N72: =VLOOKUP(H72,'Machine List'!$A$1:$I$300,8,FALSE) -> Tier | O72: =IF(ISNUMBER(N72),N72,10^Z72) -> 10 | P72: =IF(ISNUMBER(N72),N72,10^AT72) -> 10000 | Q72: =VLOOKUP(H72,'Machine List'!$A$1:$B$138,2,FALSE) -> 1 | R72: Yes | S72: =IF(ISNUMBER(Q72),Q72, SWITCH( Q72, "1",1, "2T",Z72*2, "4T",Z72*4, "6T",Z72*6, "8T",Z72*8, "10T",Z72*10, "12T",Z72*12, "14T",Z72*14, "16T",Z72*16, "2(T+1)",2*(Z72+1), "1T*C",Z72*J74, 1 ) ) -> 1 | T72: No | U72: =IF(OR(T72="No",T72=""),S72,T72) -> 1 | V72: =IF(ISNUMBER(Q72),Q72, SWITCH( Q72, "1",1, "2T",AT72*2, "4T",AT72*4, "6T",AT72*6, "8T",AT72*8, "10T",AT72*10, "12T",AT72*12, "14T",AT72*14, "16T",AT72*16, "2(T+1)",2*(AT72+1), "1T*C",AT72*J74, 1 ) ) -> 1 | W72: =T72 -> No | X72: =IF(OR(W72="No",W72=""),V72,W72) -> 1 | Y72: 01 - LV | Z72: =VLOOKUP(Y72,'Item Helper Sheet'!$A$2:$B$16,2,FALSE) -> 1 | AA72: 30 | AB72: =8*20 -> 160 | AC72: =AB72*I74 -> 1600 | AD72: =AA72*AC72 -> 48000 | AF72: =Y72 -> 01 - LV | AG72: 1 | AH72: 1 | AI72: =AH72*8*4^Z72 -> 32 | AJ72: =MIN(ROUNDDOWN(AI72/AL72,0),U72) -> 1 | AK72: =IF(OR(T72="No",T72=""),AG72*S72,AG72*T72) -> 1 | AL72: =ROUNDUP(AA72*VLOOKUP(H72,'Machine List'!$A$2:$D$219,4,FALSE),0) -> 30 | AM72: =AL72*AK72 -> 30 | AN72: =ROUNDUP(AB72*I74,0) -> 1600 | AO72: =ROUNDUP(AN72/VLOOKUP(H72,'Machine List'!$A$2:$D$219,3,FALSE),0) -> 1600 | AP72: =ROUNDUP(AO72/AK72,0) -> 1600 | AQ72: =AM72*AP72 -> 48000 | AS72: 04 - EV | AT72: =VLOOKUP(AS72,'Item Helper Sheet'!$A$2:$B$16,2,FALSE) -> 4 | AU72: =AG72 -> 1 | AV72: 1 | AW72: =AV72*8*4^AT72 -> 2048 | AX72: =MIN(ROUNDDOWN(AW72/AL72,0),X72) -> 1 | AY72: =AX72*AU72 -> 1 | AZ72: =AL72 -> 30 | BA72: =MIN(AT72-Z72,IF(AW72>=AZ73*4, IF(AW72>=AZ73*4^2, IF(AW72>=AZ73*4^3, IF(AW72>=AZ73*4^4, IF(AW72>=AZ73*4^5, IF(AW72>=AZ73*4^6, IF(AW72>=AZ73*4^7, IF(AW72>=AZ73*4^8, IF(AW72>=AZ73*4^9, IF(AW72>=AZ73*4^10, 9), 8), 7), 6), 5), 4), 3), 2), 1), 0)) -> 3 | BB72: =AZ72*AX72*4^BA72 -> 1920 | BC72: =BB72*AU72 -> 1920 | BD72: =ROUNDUP(IF(R72="Yes",AN72/(2^((BA72)*2)),AN72/(2^(BA72))),0) -> 25 | BE72: =ROUNDUP(BD72/VLOOKUP(H72,'Machine List'!$A$2:$D$219,3,FALSE),0) -> 25 | BF72: =ROUNDUP(BE72/AY72,0) -> 25 | BG72: =BF72*BC72 -> 48000 | BQ72: Helium | BR72: 2700 | BS72: =VLOOKUP(BQ72,'Item List'!$A$2:$D$300,2,FALSE) -> 1 | BT72: =VLOOKUP(BQ72,'Item List'!$A$2:$D$300,3,FALSE) -> 4 | BU72: =VLOOKUP(BQ72,'Item List'!$A$2:$D$300,4,FALSE) -> 2 | BY72: =BX72 -> 65640 | BZ72: =BY72/$CF$21 -> 0.18233333 | CA72: =$CG$6*BZ72 -> 40.820896 | CB72: =$CH$6*BZ72 -> 1094 | CC72: =$CI$6*BZ72 -> 182.33333 | CE72: =SUM(BX77:BX92) -> 106392 | CF72: =SUM(CB77:CB92) -> 189501
C73: Sulfuric Naphtha | D73: =12000*I74 -> 120000 | E73: Naphtha | F73: =12000*I74 -> 120000 | H73: Output Count | I73: {=match(TRUE,ISBLANK(F73:F85),0)-1} -> 2 | J73: Coil Tier | K73: Glass Tier | AZ73: =AZ72*AX72 -> 30 | BQ73: Hydrogen | BR73: -230000 | BS73: =VLOOKUP(BQ73,'Item List'!$A$2:$D$300,2,FALSE) -> 1 | BT73: =VLOOKUP(BQ73,'Item List'!$A$2:$D$300,3,FALSE) -> 4 | BU73: =VLOOKUP(BQ73,'Item List'!$A$2:$D$300,4,FALSE) -> 1 | CE73: Highest Starting Cost | CF73: Highest Starting Cost
C74: Hydrogen | D74: =2000*I74 -> 20000 | E74: Hydrogen Sulfide | F74: =1000*I74 -> 10000 | H74: Recipe Mult. | I74: 10 | J74: 00 - None | K74: 0 | BQ74: Hydrogen Sulfide | BR74: 0 | BS74: =VLOOKUP(BQ74,'Item List'!$A$2:$D$300,2,FALSE) -> 1 | BT74: =VLOOKUP(BQ74,'Item List'!$A$2:$D$300,3,FALSE) -> 4 | BU74: =VLOOKUP(BQ74,'Item List'!$A$2:$D$300,4,FALSE) -> 2 | CE74: =BY94 -> 1000 | CF74: =CC94 -> 10000
BQ75: Light Fuel | BR75: 0 | BS75: =VLOOKUP(BQ75,'Item List'!$A$2:$D$300,2,FALSE) -> 1 | BT75: =VLOOKUP(BQ75,'Item List'!$A$2:$D$300,3,FALSE) -> 4 | BU75: =VLOOKUP(BQ75,'Item List'!$A$2:$D$300,4,FALSE) -> 2
B76: 04: Light Fuel Dessulfurizing | H76: LCR | I76: =VLOOKUP(H76,'Machine List'!$A$1:$I$300,9,FALSE) -> 4000 | J76: =IF(VLOOKUP(H76,'Machine List'!$A$1:$I$300,5,FALSE)="Multi",IF(VLOOKUP(H76,'Machine List'!$A$1:$I$300,6,FALSE)="Yes",AG76*3*10^Z76,AG76*(2*3)*10^(Z76-1)),0) -> 6 | K76: =J76+IF(ISNUMBER(I76),I76, SWITCH( I76, "1T",1*10^Z76, "2T",2*10^Z76, "3T",3*10^Z76, "4T",4*10^Z76, "4000+500(7O-5)",4000+500*(7*I77-5), "13500 + 16C",13500+16*VLOOKUP(J78,'Machine Helper Sheet'!$G$1:$K$16,5,FALSE), 1 ) ) -> 4006 | L76: =IF(VLOOKUP(H76,'Machine List'!$A$1:$I$300,5,FALSE)="Multi",IF(VLOOKUP(H76,'Machine List'!$A$1:$I$300,6,FALSE)="Yes",AU76*3*10^AT76,AU76*(2*3)*10^(AT76-1)),0) -> 6000 | M76: =L76+IF(ISNUMBER(I76),I76, SWITCH( I76, "1T",1*10^AT76, "2T",2*10^AT76, "3T",3*10^AT76, "4T",4*10^AT76, "4000+500(7O-5)",4000+500*(7*I77-5), 1 ) ) -> 10000 | N76: =VLOOKUP(H76,'Machine List'!$A$1:$I$300,8,FALSE) -> Tier | O76: =IF(ISNUMBER(N76),N76,10^Z76) -> 10 | P76: =IF(ISNUMBER(N76),N76,10^AT76) -> 10000 | Q76: =VLOOKUP(H76,'Machine List'!$A$1:$B$138,2,FALSE) -> 1 | R76: Yes | S76: =IF(ISNUMBER(Q76),Q76, SWITCH( Q76, "1",1, "2T",Z76*2, "4T",Z76*4, "6T",Z76*6, "8T",Z76*8, "10T",Z76*10, "12T",Z76*12, "14T",Z76*14, "16T",Z76*16, "2(T+1)",2*(Z76+1), "1T*C",Z76*J78, 1 ) ) -> 1 | T76: No | U76: =IF(OR(T76="No",T76=""),S76,T76) -> 1 | V76: =IF(ISNUMBER(Q76),Q76, SWITCH( Q76, "1",1, "2T",AT76*2, "4T",AT76*4, "6T",AT76*6, "8T",AT76*8, "10T",AT76*10, "12T",AT76*12, "14T",AT76*14, "16T",AT76*16, "2(T+1)",2*(AT76+1), "1T*C",AT76*J78, 1 ) ) -> 1 | W76: =T76 -> No | X76: =IF(OR(W76="No",W76=""),V76,W76) -> 1 | Y76: 01 - LV | Z76: =VLOOKUP(Y76,'Item Helper Sheet'!$A$2:$B$16,2,FALSE) -> 1 | AA76: 30 | AB76: =8*20 -> 160 | AC76: =AB76*I78 -> 4000 | AD76: =AA76*AC76 -> 120000 | AF76: =Y76 -> 01 - LV | AG76: 1 | AH76: 1 | AI76: =AH76*8*4^Z76 -> 32 | AJ76: =MIN(ROUNDDOWN(AI76/AL76,0),U76) -> 1 | AK76: =IF(OR(T76="No",T76=""),AG76*S76,AG76*T76) -> 1 | AL76: =ROUNDUP(AA76*VLOOKUP(H76,'Machine List'!$A$2:$D$219,4,FALSE),0) -> 30 | AM76: =AL76*AK76 -> 30 | AN76: =ROUNDUP(AB76*I78,0) -> 4000 | AO76: =ROUNDUP(AN76/VLOOKUP(H76,'Machine List'!$A$2:$D$219,3,FALSE),0) -> 4000 | AP76: =ROUNDUP(AO76/AK76,0) -> 4000 | AQ76: =AM76*AP76 -> 120000 | AS76: 04 - EV | AT76: =VLOOKUP(AS76,'Item Helper Sheet'!$A$2:$B$16,2,FALSE) -> 4 | AU76: =AG76 -> 1 | AV76: 1 | AW76: =AV76*8*4^AT76 -> 2048 | AX76: =MIN(ROUNDDOWN(AW76/AL76,0),X76) -> 1 | AY76: =AX76*AU76 -> 1 | AZ76: =AL76 -> 30 | BA76: =MIN(AT76-Z76,IF(AW76>=AZ77*4, IF(AW76>=AZ77*4^2, IF(AW76>=AZ77*4^3, IF(AW76>=AZ77*4^4, IF(AW76>=AZ77*4^5, IF(AW76>=AZ77*4^6, IF(AW76>=AZ77*4^7, IF(AW76>=AZ77*4^8, IF(AW76>=AZ77*4^9, IF(AW76>=AZ77*4^10, 9), 8), 7), 6), 5), 4), 3), 2), 1), 0)) -> 3 | BB76: =AZ76*AX76*4^BA76 -> 1920 | BC76: =BB76*AU76 -> 1920 | BD76: =ROUNDUP(IF(R76="Yes",AN76/(2^((BA76)*2)),AN76/(2^(BA76))),0) -> 63 | BE76: =ROUNDUP(BD76/VLOOKUP(H76,'Machine List'!$A$2:$D$219,3,FALSE),0) -> 63 | BF76: =ROUNDUP(BE76/AY76,0) -> 63 | BG76: =BF76*BC76 -> 120960 | BQ76: Methane | BR76: 18900 | BS76: =VLOOKUP(BQ76,'Item List'!$A$2:$D$300,2,FALSE) -> 1 | BT76: =VLOOKUP(BQ76,'Item List'!$A$2:$D$300,3,FALSE) -> 4 | BU76: =VLOOKUP(BQ76,'Item List'!$A$2:$D$300,4,FALSE) -> 2 | BW76: Recipes | BX76: Machine Cost p/ Recipe | BY76: Machine Start. Cost | CA76: Recipes | CB76: Machine Cost p/ OC Recipe | CC76: OC Machine Start. Cost | CE76: Fuel Type | CF76: Output Amount | CG76: Fuel Value/L | CH76: Generator Efficiency
C77: Sulfuric Light Fuel | D77: =12000*I78 -> 300000 | E77: Light Fuel | F77: =12000*I78 -> 300000 | H77: Output Count | I77: {=match(TRUE,ISBLANK(F77:F89),0)-1} -> 2 | J77: Coil Tier | K77: Glass Tier | AZ77: =AZ76*AX76 -> 30 | BQ77: Naphtha | BR77: 120000 | BS77: =VLOOKUP(BQ77,'Item List'!$A$2:$D$300,2,FALSE) -> 1 | BT77: =VLOOKUP(BQ77,'Item List'!$A$2:$D$300,3,FALSE) -> 4 | BU77: =VLOOKUP(BQ77,'Item List'!$A$2:$D$300,4,FALSE) -> 2 | BW77: 01: Oil DT Distillation | BX77: 19600 | BY77: 1000 | CA77: 01: Oil DT Distillation | CB77: 25000 | CC77: 10000 | CE77: =CE62 -> Cetane-Boosted Diesel | CF77: =CF62 -> 360000 | CG77: 1000 | CH77: 1.5
C78: Hydrogen | D78: =2000*I78 -> 50000 | E78: Hydrogen Sulfide | F78: =1000*I78 -> 25000 | H78: Recipe Mult. | I78: 25 | J78: 00 - None | K78: 0 | BQ78: Naphthenic Acid | BR78: 15000 | BS78: =VLOOKUP(BQ78,'Item List'!$A$2:$D$300,2,FALSE) -> 3 | BT78: =VLOOKUP(BQ78,'Item List'!$A$2:$D$300,3,FALSE) -> 2 | BU78: =VLOOKUP(BQ78,'Item List'!$A$2:$D$300,4,FALSE) -> 2 | BW78: 02: Gas Dessulfurizing | BX78: 4006 | BY78: 10 | CA78: 02: Gas Dessulfurizing | CB78: 10000 | CC78: 10000
BQ79: Nitric Acid | BR79: 0 | BS79: =VLOOKUP(BQ79,'Item List'!$A$2:$D$300,2,FALSE) -> 3 | BT79: =VLOOKUP(BQ79,'Item List'!$A$2:$D$300,3,FALSE) -> 5 | BU79: =VLOOKUP(BQ79,'Item List'!$A$2:$D$300,4,FALSE) -> 2 | BW79: 03: Naphtha Dessulfurizing | BX79: 4006 | BY79: 10 | CA79: 03: Naphtha Dessulfurizing | CB79: 10000 | CC79: 10000 | CE79: Energy Produced | CF79: Energy Consumed (OC) | CG79: Line EU Efficiency
B80: 05: Heavy Fuel Dessulfurizing | H80: LCR | I80: =VLOOKUP(H80,'Machine List'!$A$1:$I$300,9,FALSE) -> 4000 | J80: =IF(VLOOKUP(H80,'Machine List'!$A$1:$I$300,5,FALSE)="Multi",IF(VLOOKUP(H80,'Machine List'!$A$1:$I$300,6,FALSE)="Yes",AG80*3*10^Z80,AG80*(2*3)*10^(Z80-1)),0) -> 6 | K80: =J80+IF(ISNUMBER(I80),I80, SWITCH( I80, "1T",1*10^Z80, "2T",2*10^Z80, "3T",3*10^Z80, "4T",4*10^Z80, "4000+500(7O-5)",4000+500*(7*I81-5), "13500 + 16C",13500+16*VLOOKUP(J82,'Machine Helper Sheet'!$G$1:$K$16,5,FALSE), 1 ) ) -> 4006 | L80: =IF(VLOOKUP(H80,'Machine List'!$A$1:$I$300,5,FALSE)="Multi",IF(VLOOKUP(H80,'Machine List'!$A$1:$I$300,6,FALSE)="Yes",AU80*3*10^AT80,AU80*(2*3)*10^(AT80-1)),0) -> 6000 | M80: =L80+IF(ISNUMBER(I80),I80, SWITCH( I80, "1T",1*10^AT80, "2T",2*10^AT80, "3T",3*10^AT80, "4T",4*10^AT80, "4000+500(7O-5)",4000+500*(7*I81-5), 1 ) ) -> 10000 | N80: =VLOOKUP(H80,'Machine List'!$A$1:$I$300,8,FALSE) -> Tier | O80: =IF(ISNUMBER(N80),N80,10^Z80) -> 10 | P80: =IF(ISNUMBER(N80),N80,10^AT80) -> 10000 | Q80: =VLOOKUP(H80,'Machine List'!$A$1:$B$138,2,FALSE) -> 1 | R80: Yes | S80: =IF(ISNUMBER(Q80),Q80, SWITCH( Q80, "1",1, "2T",Z80*2, "4T",Z80*4, "6T",Z80*6, "8T",Z80*8, "10T",Z80*10, "12T",Z80*12, "14T",Z80*14, "16T",Z80*16, "2(T+1)",2*(Z80+1), "1T*C",Z80*J82, 1 ) ) -> 1 | T80: No | U80: =IF(OR(T80="No",T80=""),S80,T80) -> 1 | V80: =IF(ISNUMBER(Q80),Q80, SWITCH( Q80, "1",1, "2T",AT80*2, "4T",AT80*4, "6T",AT80*6, "8T",AT80*8, "10T",AT80*10, "12T",AT80*12, "14T",AT80*14, "16T",AT80*16, "2(T+1)",2*(AT80+1), "1T*C",AT80*J82, 1 ) ) -> 1 | W80: =T80 -> No | X80: =IF(OR(W80="No",W80=""),V80,W80) -> 1 | Y80: 01 - LV | Z80: =VLOOKUP(Y80,'Item Helper Sheet'!$A$2:$B$16,2,FALSE) -> 1 | AA80: 30 | AB80: =8*20 -> 160 | AC80: =AB80*I82 -> 1600 | AD80: =AA80*AC80 -> 48000 | AF80: =Y80 -> 01 - LV | AG80: 1 | AH80: 1 | AI80: =AH80*8*4^Z80 -> 32 | AJ80: =MIN(ROUNDDOWN(AI80/AL80,0),U80) -> 1 | AK80: =IF(OR(T80="No",T80=""),AG80*S80,AG80*T80) -> 1 | AL80: =ROUNDUP(AA80*VLOOKUP(H80,'Machine List'!$A$2:$D$219,4,FALSE),0) -> 30 | AM80: =AL80*AK80 -> 30 | AN80: =ROUNDUP(AB80*I82,0) -> 1600 | AO80: =ROUNDUP(AN80/VLOOKUP(H80,'Machine List'!$A$2:$D$219,3,FALSE),0) -> 1600 | AP80: =ROUNDUP(AO80/AK80,0) -> 1600 | AQ80: =AM80*AP80 -> 48000 | AS80: 04 - EV | AT80: =VLOOKUP(AS80,'Item Helper Sheet'!$A$2:$B$16,2,FALSE) -> 4 | AU80: =AG80 -> 1 | AV80: 1 | AW80: =AV80*8*4^AT80 -> 2048 | AX80: =MIN(ROUNDDOWN(AW80/AL80,0),X80) -> 1 | AY80: =AX80*AU80 -> 1 | AZ80: =AL80 -> 30 | BA80: =MIN(AT80-Z80,IF(AW80>=AZ81*4, IF(AW80>=AZ81*4^2, IF(AW80>=AZ81*4^3, IF(AW80>=AZ81*4^4, IF(AW80>=AZ81*4^5, IF(AW80>=AZ81*4^6, IF(AW80>=AZ81*4^7, IF(AW80>=AZ81*4^8, IF(AW80>=AZ81*4^9, IF(AW80>=AZ81*4^10, 9), 8), 7), 6), 5), 4), 3), 2), 1), 0)) -> 3 | BB80: =AZ80*AX80*4^BA80 -> 1920 | BC80: =BB80*AU80 -> 1920 | BD80: =ROUNDUP(IF(R80="Yes",AN80/(2^((BA80)*2)),AN80/(2^(BA80))),0) -> 25 | BE80: =ROUNDUP(BD80/VLOOKUP(H80,'Machine List'!$A$2:$D$219,3,FALSE),0) -> 25 | BF80: =ROUNDUP(BE80/AY80,0) -> 25 | BG80: =BF80*BC80 -> 48000 | BQ80: Nitrogen | BR80: -32000 | BS80: =VLOOKUP(BQ80,'Item List'!$A$2:$D$300,2,FALSE) -> 1 | BT80: =VLOOKUP(BQ80,'Item List'!$A$2:$D$300,3,FALSE) -> 4 | BU80: =VLOOKUP(BQ80,'Item List'!$A$2:$D$300,4,FALSE) -> 1 | BW80: 04: Light Fuel Dessulfurizing | BX80: 4006 | BY80: 10 | CA80: 04: Light Fuel Dessulfurizing | CB80: 10000 | CC80: 10000 | CE80: =CF77*CG77*CH77 -> 540000000 | CF80: =BM113 -> 29657280 | CG80: =1-(CF80/CE80) -> 0.94507911
C81: Sulfuric Heavy Fuel | D81: =8000*I82 -> 80000 | E81: Heavy Fuel | F81: =8000*I82 -> 80000 | H81: Output Count | I81: {=match(TRUE,ISBLANK(F81:F93),0)-1} -> 2 | J81: Coil Tier | K81: Glass Tier | AZ81: =AZ80*AX80 -> 30 | BQ81: Oil | BR81: -300000 | BS81: =VLOOKUP(BQ81,'Item List'!$A$2:$D$300,2,FALSE) -> 1 | BT81: =VLOOKUP(BQ81,'Item List'!$A$2:$D$300,3,FALSE) -> 4 | BU81: =VLOOKUP(BQ81,'Item List'!$A$2:$D$300,4,FALSE) -> 1 | BW81: 05: Heavy Fuel Dessulfurizing | BX81: 4006 | BY81: 10 | CA81: 05: Heavy Fuel Dessulfurizing | CB81: 10000 | CC81: 10000
C82: Hydrogen | D82: =2000*I82 -> 20000 | E82: Hydrogen Sulfide | F82: =1000*I82 -> 10000 | H82: Recipe Mult. | I82: 10 | J82: 00 - None | K82: 0 | BQ82: Oxygen | BR82: -400000 | BS82: =VLOOKUP(BQ82,'Item List'!$A$2:$D$300,2,FALSE) -> 1 | BT82: =VLOOKUP(BQ82,'Item List'!$A$2:$D$300,3,FALSE) -> 5 | BU82: =VLOOKUP(BQ82,'Item List'!$A$2:$D$300,4,FALSE) -> 1 | BW82: 06: Sulfuric Acid | BX82: 4006 | BY82: 10 | CA82: 06: Sulfuric Acid | CB82: 10000 | CC82: 10000 | CE82: Net Powergen | CF82: Max Recipe Time | CG82: Net Powergen/t
BQ83: Propene | BR83: 270 | BS83: =VLOOKUP(BQ83,'Item List'!$A$2:$D$300,2,FALSE) -> 1 | BT83: =VLOOKUP(BQ83,'Item List'!$A$2:$D$300,3,FALSE) -> 4 | BU83: =VLOOKUP(BQ83,'Item List'!$A$2:$D$300,4,FALSE) -> 2 | BW83: 07: Diesel Mixing | BX83: 4600 | BY83: 1000 | CA83: 07: Diesel Mixing | CB83: 10000 | CC83: 10000 | CE83: =CE80-CF80 -> 510342720 | CF83: =BP114 -> 9600 | CG83: =CE83/CF83 -> 53160.7
B84: 06: Sulfuric Acid | H84: LCR | I84: =VLOOKUP(H84,'Machine List'!$A$1:$I$300,9,FALSE) -> 4000 | J84: =IF(VLOOKUP(H84,'Machine List'!$A$1:$I$300,5,FALSE)="Multi",IF(VLOOKUP(H84,'Machine List'!$A$1:$I$300,6,FALSE)="Yes",AG84*3*10^Z84,AG84*(2*3)*10^(Z84-1)),0) -> 6 | K84: =J84+IF(ISNUMBER(I84),I84, SWITCH( I84, "1T",1*10^Z84, "2T",2*10^Z84, "3T",3*10^Z84, "4T",4*10^Z84, "4000+500(7O-5)",4000+500*(7*I85-5), "13500 + 16C",13500+16*VLOOKUP(J86,'Machine Helper Sheet'!$G$1:$K$16,5,FALSE), 1 ) ) -> 4006 | L84: =IF(VLOOKUP(H84,'Machine List'!$A$1:$I$300,5,FALSE)="Multi",IF(VLOOKUP(H84,'Machine List'!$A$1:$I$300,6,FALSE)="Yes",AU84*3*10^AT84,AU84*(2*3)*10^(AT84-1)),0) -> 6000 | M84: =L84+IF(ISNUMBER(I84),I84, SWITCH( I84, "1T",1*10^AT84, "2T",2*10^AT84, "3T",3*10^AT84, "4T",4*10^AT84, "4000+500(7O-5)",4000+500*(7*I85-5), 1 ) ) -> 10000 | N84: =VLOOKUP(H84,'Machine List'!$A$1:$I$300,8,FALSE) -> Tier | O84: =IF(ISNUMBER(N84),N84,10^Z84) -> 10 | P84: =IF(ISNUMBER(N84),N84,10^AT84) -> 10000 | Q84: =VLOOKUP(H84,'Machine List'!$A$1:$B$138,2,FALSE) -> 1 | R84: Yes | S84: =IF(ISNUMBER(Q84),Q84, SWITCH( Q84, "1",1, "2T",Z84*2, "4T",Z84*4, "6T",Z84*6, "8T",Z84*8, "10T",Z84*10, "12T",Z84*12, "14T",Z84*14, "16T",Z84*16, "2(T+1)",2*(Z84+1), "1T*C",Z84*J86, 1 ) ) -> 1 | T84: No | U84: =IF(OR(T84="No",T84=""),S84,T84) -> 1 | V84: =IF(ISNUMBER(Q84),Q84, SWITCH( Q84, "1",1, "2T",AT84*2, "4T",AT84*4, "6T",AT84*6, "8T",AT84*8, "10T",AT84*10, "12T",AT84*12, "14T",AT84*14, "16T",AT84*16, "2(T+1)",2*(AT84+1), "1T*C",AT84*J86, 1 ) ) -> 1 | W84: =T84 -> No | X84: =IF(OR(W84="No",W84=""),V84,W84) -> 1 | Y84: 01 - LV | Z84: =VLOOKUP(Y84,'Item Helper Sheet'!$A$2:$B$16,2,FALSE) -> 1 | AA84: 30 | AB84: =24*20 -> 480 | AC84: =AB84*I86 -> 32160 | AD84: =AA84*AC84 -> 964800 | AF84: =Y84 -> 01 - LV | AG84: 1 | AH84: 1 | AI84: =AH84*8*4^Z84 -> 32 | AJ84: =MIN(ROUNDDOWN(AI84/AL84,0),U84) -> 1 | AK84: =IF(OR(T84="No",T84=""),AG84*S84,AG84*T84) -> 1 | AL84: =ROUNDUP(AA84*VLOOKUP(H84,'Machine List'!$A$2:$D$219,4,FALSE),0) -> 30 | AM84: =AL84*AK84 -> 30 | AN84: =ROUNDUP(AB84*I86,0) -> 32160 | AO84: =ROUNDUP(AN84/VLOOKUP(H84,'Machine List'!$A$2:$D$219,3,FALSE),0) -> 32160 | AP84: =ROUNDUP(AO84/AK84,0) -> 32160 | AQ84: =AM84*AP84 -> 964800 | AS84: 04 - EV | AT84: =VLOOKUP(AS84,'Item Helper Sheet'!$A$2:$B$16,2,FALSE) -> 4 | AU84: =AG84 -> 1 | AV84: 1 | AW84: =AV84*8*4^AT84 -> 2048 | AX84: =MIN(ROUNDDOWN(AW84/AL84,0),X84) -> 1 | AY84: =AX84*AU84 -> 1 | AZ84: =AL84 -> 30 | BA84: =MIN(AT84-Z84,IF(AW84>=AZ85*4, IF(AW84>=AZ85*4^2, IF(AW84>=AZ85*4^3, IF(AW84>=AZ85*4^4, IF(AW84>=AZ85*4^5, IF(AW84>=AZ85*4^6, IF(AW84>=AZ85*4^7, IF(AW84>=AZ85*4^8, IF(AW84>=AZ85*4^9, IF(AW84>=AZ85*4^10, 9), 8), 7), 6), 5), 4), 3), 2), 1), 0)) -> 3 | BB84: =AZ84*AX84*4^BA84 -> 1920 | BC84: =BB84*AU84 -> 1920 | BD84: =ROUNDUP(IF(R84="Yes",AN84/(2^((BA84)*2)),AN84/(2^(BA84))),0) -> 503 | BE84: =ROUNDUP(BD84/VLOOKUP(H84,'Machine List'!$A$2:$D$219,3,FALSE),0) -> 503 | BF84: =ROUNDUP(BE84/AY84,0) -> 503 | BG84: =BF84*BC84 -> 965760 | BQ84: Refinery Gas | BR84: 329500 | BS84: =VLOOKUP(BQ84,'Item List'!$A$2:$D$300,2,FALSE) -> 1 | BT84: =VLOOKUP(BQ84,'Item List'!$A$2:$D$300,3,FALSE) -> 4 | BU84: =VLOOKUP(BQ84,'Item List'!$A$2:$D$300,4,FALSE) -> 2 | BW84: 08: Steam-cracking Gas | BX84: 14260 | BY84: 1000 | CA84: 08: Steam-cracking Gas | CB84: 6001 | CC84: 10000
C85: Hydrogen Sulfide | D85: =1000*I86 -> 67000 | E85: Sulfuric Acid | F85: =1000*I86 -> 67000 | H85: Output Count | I85: {=match(TRUE,ISBLANK(F85:F97),0)-1} -> 1 | J85: Coil Tier | K85: Glass Tier | AZ85: =AZ84*AX84 -> 30 | BQ85: SSC Refinery Gas | BR85: 0 | BS85: =VLOOKUP(BQ85,'Item List'!$A$2:$D$300,2,FALSE) -> 1 | BT85: =VLOOKUP(BQ85,'Item List'!$A$2:$D$300,3,FALSE) -> 4 | BU85: =VLOOKUP(BQ85,'Item List'!$A$2:$D$300,4,FALSE) -> 2 | BW85: 09: Cracked Gas DT | BX85: 22560 | BY85: 100 | CA85: 09: Cracked Gas DT | CB85: 28500 | CC85: 10000
C86: Oxygen | D86: =4000*I86 -> 268000 | H86: Recipe Mult. | I86: 67 | J86: 00 - None | K86: 0 | BQ86: Steam | BR86: -22500 | BS86: =VLOOKUP(BQ86,'Item List'!$A$2:$D$300,2,FALSE) -> 0 | BT86: =VLOOKUP(BQ86,'Item List'!$A$2:$D$300,3,FALSE) -> 5 | BU86: =VLOOKUP(BQ86,'Item List'!$A$2:$D$300,4,FALSE) -> 1 | BW86: 10: Acetic Acid | BX86: 4006 | BY86: 10 | CA86: 10: Acetic Acid | CB86: 10000 | CC86: 10000
BQ87: Sulfuric Acid | BR87: 65640 | BS87: =VLOOKUP(BQ87,'Item List'!$A$2:$D$300,2,FALSE) -> 1 | BT87: =VLOOKUP(BQ87,'Item List'!$A$2:$D$300,3,FALSE) -> 4 | BU87: =VLOOKUP(BQ87,'Item List'!$A$2:$D$300,4,FALSE) -> 1 | BW87: 11: Ethenone | BX87: 4060 | BY87: 100 | CA87: 11: Ethenone | CB87: 10000 | CC87: 10000
B88: 07: Diesel Mixing | H88: LCR | I88: =VLOOKUP(H88,'Machine List'!$A$1:$I$300,9,FALSE) -> 4000 | J88: =IF(VLOOKUP(H88,'Machine List'!$A$1:$I$300,5,FALSE)="Multi",IF(VLOOKUP(H88,'Machine List'!$A$1:$I$300,6,FALSE)="Yes",AG88*3*10^Z88,AG88*(2*3)*10^(Z88-1)),0) -> 600 | K88: =J88+IF(ISNUMBER(I88),I88, SWITCH( I88, "1T",1*10^Z88, "2T",2*10^Z88, "3T",3*10^Z88, "4T",4*10^Z88, "4000+500(7O-5)",4000+500*(7*I89-5), "13500 + 16C",13500+16*VLOOKUP(J90,'Machine Helper Sheet'!$G$1:$K$16,5,FALSE), 1 ) ) -> 4600 | L88: =IF(VLOOKUP(H88,'Machine List'!$A$1:$I$300,5,FALSE)="Multi",IF(VLOOKUP(H88,'Machine List'!$A$1:$I$300,6,FALSE)="Yes",AU88*3*10^AT88,AU88*(2*3)*10^(AT88-1)),0) -> 6000 | M88: =L88+IF(ISNUMBER(I88),I88, SWITCH( I88, "1T",1*10^AT88, "2T",2*10^AT88, "3T",3*10^AT88, "4T",4*10^AT88, "4000+500(7O-5)",4000+500*(7*I89-5), 1 ) ) -> 10000 | N88: =VLOOKUP(H88,'Machine List'!$A$1:$I$300,8,FALSE) -> Tier | O88: =IF(ISNUMBER(N88),N88,10^Z88) -> 1000 | P88: =IF(ISNUMBER(N88),N88,10^AT88) -> 10000 | Q88: =VLOOKUP(H88,'Machine List'!$A$1:$B$138,2,FALSE) -> 1 | R88: Yes | S88: =IF(ISNUMBER(Q88),Q88, SWITCH( Q88, "1",1, "2T",Z88*2, "4T",Z88*4, "6T",Z88*6, "8T",Z88*8, "10T",Z88*10, "12T",Z88*12, "14T",Z88*14, "16T",Z88*16, "2(T+1)",2*(Z88+1), "1T*C",Z88*J90, 1 ) ) -> 1 | T88: No | U88: =IF(OR(T88="No",T88=""),S88,T88) -> 1 | V88: =IF(ISNUMBER(Q88),Q88, SWITCH( Q88, "1",1, "2T",AT88*2, "4T",AT88*4, "6T",AT88*6, "8T",AT88*8, "10T",AT88*10, "12T",AT88*12, "14T",AT88*14, "16T",AT88*16, "2(T+1)",2*(AT88+1), "1T*C",AT88*J90, 1 ) ) -> 1 | W88: =T88 -> No | X88: =IF(OR(W88="No",W88=""),V88,W88) -> 1 | Y88: 03 - HV | Z88: =VLOOKUP(Y88,'Item Helper Sheet'!$A$2:$B$16,2,FALSE) -> 3 | AA88: 480 | AB88: =5*20 -> 100 | AC88: =AB88*I90 -> 1500 | AD88: =AA88*AC88 -> 720000 | AF88: =Y88 -> 03 - HV | AG88: 1 | AH88: 1 | AI88: =AH88*8*4^Z88 -> 512 | AJ88: =MIN(ROUNDDOWN(AI88/AL88,0),U88) -> 1 | AK88: =IF(OR(T88="No",T88=""),AG88*S88,AG88*T88) -> 1 | AL88: =ROUNDUP(AA88*VLOOKUP(H88,'Machine List'!$A$2:$D$219,4,FALSE),0) -> 480 | AM88: =AL88*AK88 -> 480 | AN88: =ROUNDUP(AB88*I90,0) -> 1500 | AO88: =ROUNDUP(AN88/VLOOKUP(H88,'Machine List'!$A$2:$D$219,3,FALSE),0) -> 1500 | AP88: =ROUNDUP(AO88/AK88,0) -> 1500 | AQ88: =AM88*AP88 -> 720000 | AS88: 04 - EV | AT88: =VLOOKUP(AS88,'Item Helper Sheet'!$A$2:$B$16,2,FALSE) -> 4 | AU88: =AG88 -> 1 | AV88: 1 | AW88: =AV88*8*4^AT88 -> 2048 | AX88: =MIN(ROUNDDOWN(AW88/AL88,0),X88) -> 1 | AY88: =AX88*AU88 -> 1 | AZ88: =AL88 -> 480 | BA88: =MIN(AT88-Z88,IF(AW88>=AZ89*4, IF(AW88>=AZ89*4^2, IF(AW88>=AZ89*4^3, IF(AW88>=AZ89*4^4, IF(AW88>=AZ89*4^5, IF(AW88>=AZ89*4^6, IF(AW88>=AZ89*4^7, IF(AW88>=AZ89*4^8, IF(AW88>=AZ89*4^9, IF(AW88>=AZ89*4^10, 9), 8), 7), 6), 5), 4), 3), 2), 1), 0)) -> 1 | BB88: =AZ88*AX88*4^BA88 -> 1920 | BC88: =BB88*AU88 -> 1920 | BD88: =ROUNDUP(IF(R88="Yes",AN88/(2^((BA88)*2)),AN88/(2^(BA88))),0) -> 375 | BE88: =ROUNDUP(BD88/VLOOKUP(H88,'Machine List'!$A$2:$D$219,3,FALSE),0) -> 375 | BF88: =ROUNDUP(BE88/AY88,0) -> 375 | BG88: =BF88*BC88 -> 720000 | BQ88: Sulfuric Gas | BR88: 8000 | BS88: =VLOOKUP(BQ88,'Item List'!$A$2:$D$300,2,FALSE) -> 1 | BT88: =VLOOKUP(BQ88,'Item List'!$A$2:$D$300,3,FALSE) -> 4 | BU88: =VLOOKUP(BQ88,'Item List'!$A$2:$D$300,4,FALSE) -> 2 | BW88: 12: Ammonia | BX88: 4600 | BY88: 1000 | CA88: 12: Ammonia | CB88: 10000 | CC88: 10000
C89: Light Fuel | D89: =20000*I90 -> 300000 | E89: Diesel | F89: =24000*I90 -> 360000 | H89: Output Count | I89: {=match(TRUE,ISBLANK(F89:F101),0)-1} -> 1 | J89: Coil Tier | K89: Glass Tier | AZ89: =AZ88*AX88 -> 480 | BQ89: Sulfuric Heavy Fuel | BR89: 10000 | BS89: =VLOOKUP(BQ89,'Item List'!$A$2:$D$300,2,FALSE) -> 1 | BT89: =VLOOKUP(BQ89,'Item List'!$A$2:$D$300,3,FALSE) -> 4 | BU89: =VLOOKUP(BQ89,'Item List'!$A$2:$D$300,4,FALSE) -> 2 | BW89: 13: Nitric Acid | BX89: 4006 | BY89: 10 | CA89: 13: Nitric Acid | CB89: 10000 | CC89: 10000
C90: Heavy Fuel | D90: =4000*I90 -> 60000 | H90: Recipe Mult. | I90: 15 | J90: 00 - None | K90: 0 | BQ90: Sulfuric Light Fuel | BR90: 0 | BS90: =VLOOKUP(BQ90,'Item List'!$A$2:$D$300,2,FALSE) -> 1 | BT90: =VLOOKUP(BQ90,'Item List'!$A$2:$D$300,3,FALSE) -> 4 | BU90: =VLOOKUP(BQ90,'Item List'!$A$2:$D$300,4,FALSE) -> 2 | BW90: 14: Sulfuric Acid Recovery | BX90: 10 | BY90: 10 | CA90: 14: Sulfuric Acid Recovery | CB90: 10000 | CC90: 10000
BQ91: Sulfuric Naphtha | BR91: 0 | BS91: =VLOOKUP(BQ91,'Item List'!$A$2:$D$300,2,FALSE) -> 1 | BT91: =VLOOKUP(BQ91,'Item List'!$A$2:$D$300,3,FALSE) -> 4 | BU91: =VLOOKUP(BQ91,'Item List'!$A$2:$D$300,4,FALSE) -> 2 | BW91: 15: Tetranitromethane | BX91: 4060 | BY91: 100 | CA91: 15: Tetranitromethane | CB91: 10000 | CC91: 10000
B92: 08: Steam-cracking Gas | H92: Oil Cracking Unit | I92: =VLOOKUP(H92,'Machine List'!$A$1:$I$300,9,FALSE) -> 13500 + 16C | J92: =IF(VLOOKUP(H92,'Machine List'!$A$1:$I$300,5,FALSE)="Multi",IF(VLOOKUP(H92,'Machine List'!$A$1:$I$300,6,FALSE)="Yes",AG92*3*10^Z92,AG92*(2*3)*10^(Z92-1)),0) -> 600 | K92: =J92+IF(ISNUMBER(I92),I92, SWITCH( I92, "1T",1*10^Z92, "2T",2*10^Z92, "3T",3*10^Z92, "4T",4*10^Z92, "4000+500(7O-5)",4000+500*(7*I93-5), "13500 + 16C",13500+16*VLOOKUP(J94,'Machine Helper Sheet'!$G$1:$K$16,5,FALSE), 1 ) ) -> 14260 | L92: =IF(VLOOKUP(H92,'Machine List'!$A$1:$I$300,5,FALSE)="Multi",IF(VLOOKUP(H92,'Machine List'!$A$1:$I$300,6,FALSE)="Yes",AU92*3*10^AT92,AU92*(2*3)*10^(AT92-1)),0) -> 6000 | M92: =L92+IF(ISNUMBER(I92),I92, SWITCH( I92, "1T",1*10^AT92, "2T",2*10^AT92, "3T",3*10^AT92, "4T",4*10^AT92, "4000+500(7O-5)",4000+500*(7*I93-5), 1 ) ) -> 6001 | N92: =VLOOKUP(H92,'Machine List'!$A$1:$I$300,8,FALSE) -> Tier | O92: =IF(ISNUMBER(N92),N92,10^Z92) -> 1000 | P92: =IF(ISNUMBER(N92),N92,10^AT92) -> 10000 | Q92: =VLOOKUP(H92,'Machine List'!$A$1:$B$138,2,FALSE) -> 1 | R92: No | S92: =IF(ISNUMBER(Q92),Q92, SWITCH( Q92, "1",1, "2T",Z92*2, "4T",Z92*4, "6T",Z92*6, "8T",Z92*8, "10T",Z92*10, "12T",Z92*12, "14T",Z92*14, "16T",Z92*16, "2(T+1)",2*(Z92+1), "1T*C",Z92*J94, 1 ) ) -> 1 | T92: No | U92: =IF(OR(T92="No",T92=""),S92,T92) -> 1 | V92: =IF(ISNUMBER(Q92),Q92, SWITCH( Q92, "1",1, "2T",AT92*2, "4T",AT92*4, "6T",AT92*6, "8T",AT92*8, "10T",AT92*10, "12T",AT92*12, "14T",AT92*14, "16T",AT92*16, "2(T+1)",2*(AT92+1), "1T*C",AT92*J94, 1 ) ) -> 1 | W92: =T92 -> No | X92: =IF(OR(W92="No",W92=""),V92,W92) -> 1 | Y92: 03 - HV | Z92: =VLOOKUP(Y92,'Item Helper Sheet'!$A$2:$B$16,2,FALSE) -> 3 | AA92: 240 | AB92: =1.5*20 -> 30 | AC92: =AB92*I94 -> 1350 | AD92: =AA92*AC92 -> 324000 | AF92: =Y92 -> 03 - HV | AG92: 1 | AH92: 1 | AI92: =AH92*8*4^Z92 -> 512 | AJ92: =MIN(ROUNDDOWN(AI92/AL92,0),U92) -> 1 | AK92: =IF(OR(T92="No",T92=""),AG92*S92,AG92*T92) -> 1 | AL92: =ROUNDUP(AA92*VLOOKUP(H92,'Machine List'!$A$2:$D$219,4,FALSE),0) -> 240 | AM92: =AL92*AK92 -> 240 | AN92: =ROUNDUP(AB92*I94,0) -> 1350 | AO92: =ROUNDUP(AN92/VLOOKUP(H92,'Machine List'!$A$2:$D$219,3,FALSE),0) -> 1350 | AP92: =ROUNDUP(AO92/AK92,0) -> 1350 | AQ92: =AM92*AP92 -> 324000 | AS92: 04 - EV | AT92: =VLOOKUP(AS92,'Item Helper Sheet'!$A$2:$B$16,2,FALSE) -> 4 | AU92: =AG92 -> 1 | AV92: 1 | AW92: =AV92*8*4^AT92 -> 2048 | AX92: =MIN(ROUNDDOWN(AW92/AL92,0),X92) -> 1 | AY92: =AX92*AU92 -> 1 | AZ92: =AL92 -> 240 | BA92: =MIN(AT92-Z92,IF(AW92>=AZ93*4, IF(AW92>=AZ93*4^2, IF(AW92>=AZ93*4^3, IF(AW92>=AZ93*4^4, IF(AW92>=AZ93*4^5, IF(AW92>=AZ93*4^6, IF(AW92>=AZ93*4^7, IF(AW92>=AZ93*4^8, IF(AW92>=AZ93*4^9, IF(AW92>=AZ93*4^10, 9), 8), 7), 6), 5), 4), 3), 2), 1), 0)) -> 1 | BB92: =AZ92*AX92*4^BA92 -> 960 | BC92: =BB92*AU92 -> 960 | BD92: =ROUNDUP(IF(R92="Yes",AN92/(2^((BA92)*2)),AN92/(2^(BA92))),0) -> 675 | BE92: =ROUNDUP(BD92/VLOOKUP(H92,'Machine List'!$A$2:$D$219,3,FALSE),0) -> 675 | BF92: =ROUNDUP(BE92/AY92,0) -> 675 | BG92: =BF92*BC92 -> 648000 | BQ92: Tetranitromethane | BR92: 800 | BS92: =VLOOKUP(BQ92,'Item List'!$A$2:$D$300,2,FALSE) -> 3 | BT92: =VLOOKUP(BQ92,'Item List'!$A$2:$D$300,3,FALSE) -> 4 | BU92: =VLOOKUP(BQ92,'Item List'!$A$2:$D$300,4,FALSE) -> 3 | BW92: 16: Cetane-Boosted Diesel | BX92: 4600 | BY92: 1000 | CA92: 16: Cetane-Boosted Diesel | CB92: 10000 | CC92: 10000
C93: Refinery Gas | D93: =500*I94 -> 22500 | E93: SSC Refinery Gas | F93: =600*I94 -> 27000 | H93: Output Count | I93: {=match(TRUE,ISBLANK(F93:F105),0)-1} -> 1 | J93: Coil Tier | K93: Glass Tier | AZ93: =AZ92*AX92 -> 240 | BQ93: Water | BR93: 68000 | BS93: =VLOOKUP(BQ93,'Item List'!$A$2:$D$300,2,FALSE) -> 0 | BT93: =VLOOKUP(BQ93,'Item List'!$A$2:$D$300,3,FALSE) -> 5 | BU93: =VLOOKUP(BQ93,'Item List'!$A$2:$D$300,4,FALSE) -> 0
C94: Steam | D94: =500*I94 -> 22500 | H94: Recipe Mult. | I94: 45 | J94: 01 - Cupronickel | K94: 0
B96: 09: Cracked Gas DT | H96: Distillation Tower | I96: =VLOOKUP(H96,'Machine List'!$A$1:$I$300,9,FALSE) -> 4000+500(7O-5) | J96: =IF(VLOOKUP(H96,'Machine List'!$A$1:$I$300,5,FALSE)="Multi",IF(VLOOKUP(H96,'Machine List'!$A$1:$I$300,6,FALSE)="Yes",AG96*3*10^Z96,AG96*(2*3)*10^(Z96-1)),0) -> 60 | K96: =J96+IF(ISNUMBER(I96),I96, SWITCH( I96, "1T",1*10^Z96, "2T",2*10^Z96, "3T",3*10^Z96, "4T",4*10^Z96, "4000+500(7O-5)",4000+500*(7*I97-5), "13500 + 16C",13500+16*VLOOKUP(J98,'Machine Helper Sheet'!$G$1:$K$16,5,FALSE), 1 ) ) -> 22560 | L96: =IF(VLOOKUP(H96,'Machine List'!$A$1:$I$300,5,FALSE)="Multi",IF(VLOOKUP(H96,'Machine List'!$A$1:$I$300,6,FALSE)="Yes",AU96*3*10^AT96,AU96*(2*3)*10^(AT96-1)),0) -> 6000 | M96: =L96+IF(ISNUMBER(I96),I96, SWITCH( I96, "1T",1*10^AT96, "2T",2*10^AT96, "3T",3*10^AT96, "4T",4*10^AT96, "4000+500(7O-5)",4000+500*(7*I97-5), 1 ) ) -> 28500 | N96: =VLOOKUP(H96,'Machine List'!$A$1:$I$300,8,FALSE) -> Tier | O96: =IF(ISNUMBER(N96),N96,10^Z96) -> 100 | P96: =IF(ISNUMBER(N96),N96,10^AT96) -> 10000 | Q96: =VLOOKUP(H96,'Machine List'!$A$1:$B$138,2,FALSE) -> 1 | R96: No | S96: =IF(ISNUMBER(Q96),Q96, SWITCH( Q96, "1",1, "2T",Z96*2, "4T",Z96*4, "6T",Z96*6, "8T",Z96*8, "10T",Z96*10, "12T",Z96*12, "14T",Z96*14, "16T",Z96*16, "2(T+1)",2*(Z96+1), "1T*C",Z96*J98, 1 ) ) -> 1 | T96: No | U96: =IF(OR(T96="No",T96=""),S96,T96) -> 1 | V96: =IF(ISNUMBER(Q96),Q96, SWITCH( Q96, "1",1, "2T",AT96*2, "4T",AT96*4, "6T",AT96*6, "8T",AT96*8, "10T",AT96*10, "12T",AT96*12, "14T",AT96*14, "16T",AT96*16, "2(T+1)",2*(AT96+1), "1T*C",AT96*J98, 1 ) ) -> 1 | W96: =T96 -> No | X96: =IF(OR(W96="No",W96=""),V96,W96) -> 1 | Y96: 02 - MV | Z96: =VLOOKUP(Y96,'Item Helper Sheet'!$A$2:$B$16,2,FALSE) -> 2 | AA96: 120 | AB96: =6*20 -> 120 | AC96: =AB96*I102 -> 3240 | AD96: =AA96*AC96 -> 388800 | AF96: =Y96 -> 02 - MV | AG96: 1 | AH96: 1 | AI96: =AH96*8*4^Z96 -> 128 | AJ96: =MIN(ROUNDDOWN(AI96/AL96,0),U96) -> 1 | AK96: =IF(OR(T96="No",T96=""),AG96*S96,AG96*T96) -> 1 | AL96: =ROUNDUP(AA96*VLOOKUP(H96,'Machine List'!$A$2:$D$219,4,FALSE),0) -> 120 | AM96: =AL96*AK96 -> 120 | AN96: =ROUNDUP(AB96*I102,0) -> 3240 | AO96: =ROUNDUP(AN96/VLOOKUP(H96,'Machine List'!$A$2:$D$219,3,FALSE),0) -> 3240 | AP96: =ROUNDUP(AO96/AK96,0) -> 3240 | AQ96: =AM96*AP96 -> 388800 | AS96: 04 - EV | AT96: =VLOOKUP(AS96,'Item Helper Sheet'!$A$2:$B$16,2,FALSE) -> 4 | AU96: =AG96 -> 1 | AV96: 1 | AW96: =AV96*8*4^AT96 -> 2048 | AX96: =MIN(ROUNDDOWN(AW96/AL96,0),X96) -> 1 | AY96: =AX96*AU96 -> 1 | AZ96: =AL96 -> 120 | BA96: =MIN(AT96-Z96,IF(AW96>=AZ97*4, IF(AW96>=AZ97*4^2, IF(AW96>=AZ97*4^3, IF(AW96>=AZ97*4^4, IF(AW96>=AZ97*4^5, IF(AW96>=AZ97*4^6, IF(AW96>=AZ97*4^7, IF(AW96>=AZ97*4^8, IF(AW96>=AZ97*4^9, IF(AW96>=AZ97*4^10, 9), 8), 7), 6), 5), 4), 3), 2), 1), 0)) -> 2 | BB96: =AZ96*AX96*4^BA96 -> 1920 | BC96: =BB96*AU96 -> 1920 | BD96: =ROUNDUP(IF(R96="Yes",AN96/(2^((BA96)*2)),AN96/(2^(BA96))),0) -> 810 | BE96: =ROUNDUP(BD96/VLOOKUP(H96,'Machine List'!$A$2:$D$219,3,FALSE),0) -> 810 | BF96: =ROUNDUP(BE96/AY96,0) -> 810 | BG96: =BF96*BC96 -> 1555200 | BK96: Recipes | BL96: EU Cost | BM96: OC EU Cost | BN96: Recipes | BO96: Time (t) | BP96: OC Time (t) | BQ96: Recipes | BR96: TierMin | BS96: SUM of OC Tier Number | BT96: SUM of Post-Paral. OC
C97: SSC Refinery Gas | D97: =1000*I102 -> 27000 | E97: Helium | F97: =100*I102 -> 2700 | H97: Output Count | I97: {=match(TRUE,ISBLANK(F97:F109),0)-1} -> 6 | J97: Coil Tier | K97: Glass Tier | AZ97: =AZ96*AX96 -> 120 | BK97: 01: Oil DT Distillation | BL97: 9216000 | BM97: 18432000 | BN97: 01: Oil DT Distillation | BO97: 19200 | BP97: 9600 | BQ97: 01: Oil DT Distillation | BR97: 3 | BS97: 4 | BT97: 1
E98: Methane | F98: =700*I102 -> 18900 | J98: 00 - None | K98: 0 | BK98: 02: Gas Dessulfurizing | BL98: 105600 | BM98: 105600 | BN98: 02: Gas Dessulfurizing | BO98: 3520 | BP98: 55 | BQ98: 02: Gas Dessulfurizing | BR98: 1 | BS98: 4 | BT98: 3
E99: Ethylene | F99: =300*I102 -> 8100 | BK99: 03: Naphtha Dessulfurizing | BL99: 48000 | BM99: 48000 | BN99: 03: Naphtha Dessulfurizing | BO99: 1600 | BP99: 25 | BQ99: 03: Naphtha Dessulfurizing | BR99: 1 | BS99: 4 | BT99: 3
E100: Ethane | F100: =10*I102 -> 270 | BK100: 04: Light Fuel Dessulfurizing | BL100: 120000 | BM100: 120960 | BN100: 04: Light Fuel Dessulfurizing | BO100: 4000 | BP100: 63 | BQ100: 04: Light Fuel Dessulfurizing | BR100: 1 | BS100: 4 | BT100: 3
E101: Propene | F101: =10*I102 -> 270 | BK101: 05: Heavy Fuel Dessulfurizing | BL101: 48000 | BM101: 48000 | BN101: 05: Heavy Fuel Dessulfurizing | BO101: 1600 | BP101: 25 | BQ101: 05: Heavy Fuel Dessulfurizing | BR101: 1 | BS101: 4 | BT101: 3
E102: Carbon Dust | F102: =0.1*I102 -> 2.7 | H102: Recipe Mult. | I102: 27 | BK102: 06: Sulfuric Acid | BL102: 964800 | BM102: 965760 | BN102: 06: Sulfuric Acid | BO102: 32160 | BP102: 503 | BQ102: 06: Sulfuric Acid | BR102: 1 | BS102: 4 | BT102: 3
BK103: 07: Diesel Mixing | BL103: 720000 | BM103: 720000 | BN103: 07: Diesel Mixing | BO103: 1500 | BP103: 375 | BQ103: 07: Diesel Mixing | BR103: 3 | BS103: 4 | BT103: 1
B104: 10: Acetic Acid | H104: LCR | I104: =VLOOKUP(H104,'Machine List'!$A$1:$I$300,9,FALSE) -> 4000 | J104: =IF(VLOOKUP(H104,'Machine List'!$A$1:$I$300,5,FALSE)="Multi",IF(VLOOKUP(H104,'Machine List'!$A$1:$I$300,6,FALSE)="Yes",AG104*3*10^Z104,AG104*(2*3)*10^(Z104-1)),0) -> 6 | K104: =J104+IF(ISNUMBER(I104),I104, SWITCH( I104, "1T",1*10^Z104, "2T",2*10^Z104, "3T",3*10^Z104, "4T",4*10^Z104, "4000+500(7O-5)",4000+500*(7*I105-5), "13500 + 16C",13500+16*VLOOKUP(J106,'Machine Helper Sheet'!$G$1:$K$16,5,FALSE), 1 ) ) -> 4006 | L104: =IF(VLOOKUP(H104,'Machine List'!$A$1:$I$300,5,FALSE)="Multi",IF(VLOOKUP(H104,'Machine List'!$A$1:$I$300,6,FALSE)="Yes",AU104*3*10^AT104,AU104*(2*3)*10^(AT104-1)),0) -> 6000 | M104: =L104+IF(ISNUMBER(I104),I104, SWITCH( I104, "1T",1*10^AT104, "2T",2*10^AT104, "3T",3*10^AT104, "4T",4*10^AT104, "4000+500(7O-5)",4000+500*(7*I105-5), 1 ) ) -> 10000 | N104: =VLOOKUP(H104,'Machine List'!$A$1:$I$300,8,FALSE) -> Tier | O104: =IF(ISNUMBER(N104),N104,10^Z104) -> 10 | P104: =IF(ISNUMBER(N104),N104,10^AT104) -> 10000 | Q104: =VLOOKUP(H104,'Machine List'!$A$1:$B$138,2,FALSE) -> 1 | R104: Yes | S104: =IF(ISNUMBER(Q104),Q104, SWITCH( Q104, "1",1, "2T",Z104*2, "4T",Z104*4, "6T",Z104*6, "8T",Z104*8, "10T",Z104*10, "12T",Z104*12, "14T",Z104*14, "16T",Z104*16, "2(T+1)",2*(Z104+1), "1T*C",Z104*J106, 1 ) ) -> 1 | T104: No | U104: =IF(OR(T104="No",T104=""),S104,T104) -> 1 | V104: =IF(ISNUMBER(Q104),Q104, SWITCH( Q104, "1",1, "2T",AT104*2, "4T",AT104*4, "6T",AT104*6, "8T",AT104*8, "10T",AT104*10, "12T",AT104*12, "14T",AT104*14, "16T",AT104*16, "2(T+1)",2*(AT104+1), "1T*C",AT104*J106, 1 ) ) -> 1 | W104: =T104 -> No | X104: =IF(OR(W104="No",W104=""),V104,W104) -> 1 | Y104: 01 - LV | Z104: =VLOOKUP(Y104,'Item Helper Sheet'!$A$2:$B$16,2,FALSE) -> 1 | AA104: 30 | AB104: =5*20 -> 100 | AC104: =AB104*I106 -> 400 | AD104: =AA104*AC104 -> 12000 | AF104: =Y104 -> 01 - LV | AG104: 1 | AH104: 1 | AI104: =AH104*8*4^Z104 -> 32 | AJ104: =MIN(ROUNDDOWN(AI104/AL104,0),U104) -> 1 | AK104: =IF(OR(T104="No",T104=""),AG104*S104,AG104*T104) -> 1 | AL104: =ROUNDUP(AA104*VLOOKUP(H104,'Machine List'!$A$2:$D$219,4,FALSE),0) -> 30 | AM104: =AL104*AK104 -> 30 | AN104: =ROUNDUP(AB104*I106,0) -> 400 | AO104: =ROUNDUP(AN104/VLOOKUP(H104,'Machine List'!$A$2:$D$219,3,FALSE),0) -> 400 | AP104: =ROUNDUP(AO104/AK104,0) -> 400 | AQ104: =AM104*AP104 -> 12000 | AS104: 04 - EV | AT104: =VLOOKUP(AS104,'Item Helper Sheet'!$A$2:$B$16,2,FALSE) -> 4 | AU104: =AG104 -> 1 | AV104: 1 | AW104: =AV104*8*4^AT104 -> 2048 | AX104: =MIN(ROUNDDOWN(AW104/AL104,0),X104) -> 1 | AY104: =AX104*AU104 -> 1 | AZ104: =AL104 -> 30 | BA104: =MIN(AT104-Z104,IF(AW104>=AZ105*4, IF(AW104>=AZ105*4^2, IF(AW104>=AZ105*4^3, IF(AW104>=AZ105*4^4, IF(AW104>=AZ105*4^5, IF(AW104>=AZ105*4^6, IF(AW104>=AZ105*4^7, IF(AW104>=AZ105*4^8, IF(AW104>=AZ105*4^9, IF(AW104>=AZ105*4^10, 9), 8), 7), 6), 5), 4), 3), 2), 1), 0)) -> 3 | BB104: =AZ104*AX104*4^BA104 -> 1920 | BC104: =BB104*AU104 -> 1920 | BD104: =ROUNDUP(IF(R104="Yes",AN104/(2^((BA104)*2)),AN104/(2^(BA104))),0) -> 7 | BE104: =ROUNDUP(BD104/VLOOKUP(H104,'Machine List'!$A$2:$D$219,3,FALSE),0) -> 7 | BF104: =ROUNDUP(BE104/AY104,0) -> 7 | BG104: =BF104*BC104 -> 13440 | BK104: 08: Steam-cracking Gas | BL104: 324000 | BM104: 648000 | BN104: 08: Steam-cracking Gas | BO104: 1350 | BP104: 675 | BQ104: 08: Steam-cracking Gas | BR104: 3 | BS104: 4 | BT104: 1
C105: Ethylene | D105: =2000*I106 -> 8000 | E105: Acetic Acid | F105: =1000*I106 -> 4000 | H105: Output Count | I105: {=match(TRUE,ISBLANK(F105:F117),0)-1} -> 1 | J105: Coil Tier | K105: Glass Tier | AZ105: =AZ104*AX104 -> 30 | BK105: 09: Cracked Gas DT | BL105: 388800 | BM105: 1555200 | BN105: 09: Cracked Gas DT | BO105: 3240 | BP105: 810 | BQ105: 09: Cracked Gas DT | BR105: 2 | BS105: 4 | BT105: 2
C106: Oxygen | D106: =1000*I106 -> 4000 | H106: Recipe Mult. | I106: 4 | J106: 00 - None | K106: 0 | BK106: 10: Acetic Acid | BL106: 12000 | BM106: 13440 | BN106: 10: Acetic Acid | BO106: 400 | BP106: 7 | BQ106: 10: Acetic Acid | BR106: 1 | BS106: 4 | BT106: 3
BK107: 11: Ethenone | BL107: 76800 | BM107: 76800 | BN107: 11: Ethenone | BO107: 640 | BP107: 40 | BQ107: 11: Ethenone | BR107: 2 | BS107: 4 | BT107: 2
...

Sheet Bio Diesel -> CBD
A1: Line for Cetane-Boosted Diesel using Diesel | BI1: <- Recipes | BK1: Line for Cetane-Boosted Diesel using Diesel
A2: This is the Diesel version of Cetane-Boosted Diesel, sourced from Oil processing with additives. The other option uses Biodiesel. | BI2: Math -> | BK2: This is the Diesel version of Cetane-Boosted Diesel, sourced from Oil processing with additives. The other option uses Biodiesel.
B4: Recipes | C4: Inputs | D4: Input(L) | E4: Outputs | F4: Output(L) | H4: Machine Type | I4: Mach. Cost Formula | J4: Energy Hatch Cost | K4: Machine Cost | L4: OC Energy Hatch Cost | M4: OC Machine Cost | N4: Mach. Start. Cost Form. | O4: Machine Start. Cost | P4: OC Machine Start. Cost | Q4: Parallel Formula | R4: Perfect OC | S4: Parallels | T4: Specific Parallels | U4: Actual Parallels | V4: OC Parallels | W4: Sp. OC Parallels | X4: Act. OC Parallels | Y4: Recipe Tier | Z4: Tier Number | AA4: Recipe EU/t | AB4: Recipe Time (t) | AC4: Mult. Time (t) | AD4: EU Cost | AF4: Base Tier | AG4: Machine Count | AH4: Amps per Machine | AI4: Total EU/t Input | AJ4: Possible Parallels | AK4: Total Parallels | AL4: Bonused EU/t | AM4: Consumed EU/t | AN4: Base Time (t) | AO4: Bonused Time (t) | AP4: Final Time (t) | AQ4: Final EU Cost | AS4: OC Tier | AT4: OC Tier Number | AU4: OC Mac. Count | AV4: OC Amps p/Machine | AW4: OC Total EU/t Input | AX4: OC Poss. Parallels | AY4: OC Total Parallels | AZ4: OC Starting EU/t | BA4: Post-Paral. OC | BB4: OC Machin. EU/t | BC4: OC Total EU/t | BD4: OC Base Time (t) | BE4: OC Bonus Time (t) | BF4: OC Final Time (t) | BG4: OC EU Cost
B5: 01: Automated Fishing | H5: Zhuhai | I5: =VLOOKUP(H5,'Machine List'!$A$1:$I$300,9,FALSE) -> 5000 | J5: =IF(VLOOKUP(H5,'Machine List'!$A$1:$I$300,5,FALSE)="Multi",IF(VLOOKUP(H5,'Machine List'!$A$1:$I$300,6,FALSE)="Yes",AG5*3*10^Z5,AG5*(2*3)*10^(Z5-1)),0) -> 600 | K5: =J5+IF(ISNUMBER(I5),I5, SWITCH( I5, "1T",1*10^Z5, "2T",2*10^Z5, "3T",3*10^Z5, "4T",4*10^Z5, "4000+500(7O-5)",4000+500*(7*I7-5), 1 ) ) -> 5600 | L5: =IF(VLOOKUP(H5,'Machine List'!$A$1:$I$300,5,FALSE)="Multi",IF(VLOOKUP(H5,'Machine List'!$A$1:$I$300,6,FALSE)="Yes",AU5*3*10^AT5,AU5*(2*3)*10^(AT5-1)),0) -> 60000 | M5: =L5+IF(ISNUMBER(I5),I5, SWITCH( I5, "1T",1*10^AT5, "2T",2*10^AT5, "3T",3*10^AT5, "4T",4*10^AT5, "4000+500(7O-5)",4000+500*(7*I7-5), 1 ) ) -> 65000 | N5: =VLOOKUP(H5,'Machine List'!$A$1:$I$300,8,FALSE) -> 1405511 | O5: =IF(ISNUMBER(N5),N5,10^Z5) -> 1405511 | P5: =IF(ISNUMBER(N5),N5,10^AT5) -> 1405511 | Q5: =VLOOKUP(H5,'Machine List'!$A$1:$B$138,2,FALSE) -> 1 | R5: Yes | S5: =IF(ISNUMBER(Q5),Q5, SWITCH( Q5, "1",1, "2T",Z5*2, "4T",Z5*4, "6T",Z5*6, "8T",Z5*8, "10T",Z5*10, "12T",Z5*12, "14T",Z5*14, "16T",Z5*16, "2(T+1)",2*(Z5+1), "1T*C",Z5*J7, 1 ) ) -> 1 | T5: No | U5: =IF(OR(T5="No",T5=""),S5,T5) -> 1 | V5: =IF(ISNUMBER(Q5),Q5, SWITCH( Q5, "1",1, "2T",AT5*2, "4T",AT5*4, "6T",AT5*6, "8T",AT5*8, "10T",AT5*10, "12T",AT5*12, "14T",AT5*14, "16T",AT5*16, "2(T+1)",2*(AT5+1), "1T*C",AT5*J7, 1 ) ) -> 1 | W5: =T5 -> No | X5: =IF(OR(W5="No",W5=""),V5,W5) -> 1 | Y5: 03 - HV | Z5: =VLOOKUP(Y5,'Item Helper Sheet'!$A$2:$B$16,2,FALSE) -> 3 | AA5: 256 | AB5: =3.2*20 -> 64 | AC5: =AB5*I7 -> 4544 | AD5: =AA5*AC5 -> 1163264 | AF5: =Y5 -> 03 - HV | AG5: 1 | AH5: 1 | AI5: =AH5*8*4^Z5 -> 512 | AJ5: =MIN(ROUNDDOWN(AI5/AL5,0),U5) -> 1 | AK5: =AJ5*AG5 -> 1 | AL5: =ROUNDUP(AA5*VLOOKUP(H5,'Machine List'!$A$2:$D$219,4,FALSE),0) -> 256 | AM5: =AL5*AK5 -> 256 | AN5: =ROUNDUP(AB5*I7,0) -> 4544 | AO5: =ROUNDUP(AN5/VLOOKUP(H5,'Machine List'!$A$2:$D$219,3,FALSE),0) -> 4544 | AP5: =ROUNDUP(AO5/AK5,0) -> 4544 | AQ5: =AM5*AP5 -> 1163264 | AS5: 05 - IV | AT5: =VLOOKUP(AS5,'Item Helper Sheet'!$A$2:$B$16,2,FALSE) -> 5 | AU5: =AG5 -> 1 | AV5: 1 | AW5: =AV5*8*4^AT5 -> 8192 | AX5: =MIN(ROUNDDOWN(AW5/AL5,0),X5) -> 1 | AY5: =AX5*AU5 -> 1 | AZ5: =AL5 -> 256 | BA5: =MIN(AT5-Z5,IF(AW5>=AZ6*4, IF(AW5>=AZ6*4^2, IF(AW5>=AZ6*4^3, IF(AW5>=AZ6*4^4, IF(AW5>=AZ6*4^5, IF(AW5>=AZ6*4^6, IF(AW5>=AZ6*4^7, IF(AW5>=AZ6*4^8, IF(AW5>=AZ6*4^9, IF(AW5>=AZ6*4^10, 9), 8), 7), 6), 5), 4), 3), 2), 1), 0)) -> 2 | BB5: =AZ5*AX5*4^BA5 -> 4096 | BC5: =BB5*AU5 -> 4096 | BD5: =ROUNDUP(IF(R5="Yes",AN5/(2^((BA5)*2)),AN5/(2^(BA5))),0) -> 284 | BE5: =ROUNDUP(BD5/VLOOKUP(H5,'Machine List'!$A$2:$D$219,3,FALSE),0) -> 284 | BF5: =ROUNDUP(BE5/AY5,0) -> 284 | BG5: =BF5*BC5 -> 1163264 | BQ5: Inputs | BR5: Amount Produced | BS5: Tier | BT5: Importance | BU5: Rarity | BY5: Input Rate | BZ5: Proportion Main Output | CA5: Base Input/s | CB5: OC Input/s | CC5: Desired Input/s | CE5: Main Output | CF5: Output Amount | CG5: Current Output/s | CH5: Current Output/s OC | CI5: Desired Output/s
E6: Fish | F6: =10*I7 -> 710 | H6: Output Count | I6: {=match(TRUE,ISBLANK(F6:F18),0)-1} -> 1 | J6: Coil Tier | K6: Glass Tier | AZ6: =AZ5*AX5 -> 256 | BQ6: Bio Diesel | BR6: 30000 | BS6: =VLOOKUP(BQ6,'Item List'!$A$2:$D$300,2,FALSE) -> 2 | BT6: =VLOOKUP(BQ6,'Item List'!$A$2:$D$300,3,FALSE) -> 3 | BU6: =VLOOKUP(BQ6,'Item List'!$A$2:$D$300,4,FALSE) -> 3 | BY6: =VLOOKUP(BW6,$BK$5:$BL$15,2) -> 5000 | BZ6: =BY6/$CF$21 -> 0.16666667 | CA6: =1/($CG$8/BZ6) -> 1.0416667 | CB6: =1/($CH$8/BZ6) -> 16.666667 | CC6: =1/($CI$8/BZ6) -> 166.66667 | CE6: Bio Diesel | CF6: =VLOOKUP(CE6,BQ5:BR16,2,FALSE) -> 30000 | CG6: =CF21/BO25*20 -> 125 | CH6: =CF21/BP25*20 -> 2000 | CI6: 1000
H7: Recipe Mult. | I7: 71 | J7: 00 - None | K7: 0 | BQ7: Carbon Monoxide | BR7: 0 | BS7: =VLOOKUP(BQ7,'Item List'!$A$2:$D$300,2,FALSE) -> 1 | BT7: =VLOOKUP(BQ7,'Item List'!$A$2:$D$300,3,FALSE) -> 3 | BU7: =VLOOKUP(BQ7,'Item List'!$A$2:$D$300,4,FALSE) -> 2 | BW7: Fish | BY7: =VLOOKUP(BW7,$BK$5:$BL$15,2) -> 704 | BZ7: =BY7/$CF$21 -> 0.023466667 | CA7: =1/($CG$8/BZ7) -> 0.14666667 | CB7: =1/($CH$8/BZ7) -> 2.3466667 | CC7: =1/($CI$8/BZ7) -> 23.466667 | CG7: Time Per Output | CH7: Time per Output OC | CI7: Desired Output Time
BQ8: Distilled Water | BR8: -5000 | BS8: =VLOOKUP(BQ8,'Item List'!$A$2:$D$300,2,FALSE) -> 1 | BT8: =VLOOKUP(BQ8,'Item List'!$A$2:$D$300,3,FALSE) -> 4 | BU8: =VLOOKUP(BQ8,'Item List'!$A$2:$D$300,4,FALSE) -> 1 | CG8: =BO25/CF6 -> 0.16 | CH8: =BP25/CF6 -> 0.01 | CI8: =1/CI6 -> 0.001
B9: 02: Fish to Oil | H9: Fluid Extractor | I9: =VLOOKUP(H9,'Machine List'!$A$1:$I$300,9,FALSE) -> 1T | J9: =IF(VLOOKUP(H9,'Machine List'!$A$1:$I$300,5,FALSE)="Multi",IF(VLOOKUP(H9,'Machine List'!$A$1:$I$300,6,FALSE)="Yes",AG9*3*10^Z9,AG9*(2*3)*10^(Z9-1)),0) -> 0 | K9: =J9+IF(ISNUMBER(I9),I9, SWITCH( I9, "1T",1*10^Z9, "2T",2*10^Z9, "3T",3*10^Z9, "4T",4*10^Z9, "4000+500(7O-5)",4000+500*(7*I11-5), 1 ) ) -> 10 | L9: =IF(VLOOKUP(H9,'Machine List'!$A$1:$I$300,5,FALSE)="Multi",IF(VLOOKUP(H9,'Machine List'!$A$1:$I$300,6,FALSE)="Yes",AU9*3*10^AT9,AU9*(2*3)*10^(AT9-1)),0) -> 0 | M9: =L9+IF(ISNUMBER(I9),I9, SWITCH( I9, "1T",1*10^AT9, "2T",2*10^AT9, "3T",3*10^AT9, "4T",4*10^AT9, "4000+500(7O-5)",4000+500*(7*I11-5), 1 ) ) -> 100000 | N9: =VLOOKUP(H9,'Machine List'!$A$1:$I$300,8,FALSE) -> Tier | O9: =IF(ISNUMBER(N9),N9,10^Z9) -> 10 | P9: =IF(ISNUMBER(N9),N9,10^AT9) -> 100000 | Q9: =VLOOKUP(H9,'Machine List'!$A$1:$B$138,2,FALSE) -> 1 | R9: No | S9: =IF(ISNUMBER(Q9),Q9, SWITCH( Q9, "1",1, "2T",Z9*2, "4T",Z9*4, "6T",Z9*6, "8T",Z9*8, "10T",Z9*10, "12T",Z9*12, "14T",Z9*14, "16T",Z9*16, "2(T+1)",2*(Z9+1), "1T*C",Z9*J11, 1 ) ) -> 1 | T9: No | U9: =IF(OR(T9="No",T9=""),S9,T9) -> 1 | V9: =IF(ISNUMBER(Q9),Q9, SWITCH( Q9, "1",1, "2T",AT9*2, "4T",AT9*4, "6T",AT9*6, "8T",AT9*8, "10T",AT9*10, "12T",AT9*12, "14T",AT9*14, "16T",AT9*16, "2(T+1)",2*(AT9+1), "1T*C",AT9*J11, 1 ) ) -> 1 | W9: =T9 -> No | X9: =IF(OR(W9="No",W9=""),V9,W9) -> 1 | Y9: 01 - LV | Z9: =VLOOKUP(Y9,'Item Helper Sheet'!$A$2:$B$16,2,FALSE) -> 1 | AA9: 4 | AB9: =0.8*20 -> 16 | AC9: =AB9*I11 -> 9600 | AD9: =AA9*AC9 -> 38400 | AF9: =Y9 -> 01 - LV | AG9: 2 | AH9: 1 | AI9: =AH9*8*4^Z9 -> 32 | AJ9: =MIN(ROUNDDOWN(AI9/AL9,0),U9) -> 1 | AK9: =IF(OR(T9="No",T9=""),AG9*S9,AG9*T9) -> 2 | AL9: =ROUNDUP(AA9*VLOOKUP(H9,'Machine List'!$A$2:$D$219,4,FALSE),0) -> 4 | AM9: =AL9*AK9 -> 8 | AN9: =ROUNDUP(AB9*I11,0) -> 9600 | AO9: =ROUNDUP(AN9/VLOOKUP(H9,'Machine List'!$A$2:$D$219,3,FALSE),0) -> 9600 | AP9: =ROUNDUP(AO9/AK9,0) -> 4800 | AQ9: =AM9*AP9 -> 38400 | AS9: 05 - IV | AT9: =VLOOKUP(AS9,'Item Helper Sheet'!$A$2:$B$16,2,FALSE) -> 5 | AU9: =AG9 -> 2 | AV9: 1 | AW9: =AV9*8*4^AT9 -> 8192 | AX9: =MIN(ROUNDDOWN(AW9/AL9,0),X9) -> 1 | AY9: =AX9*AU9 -> 2 | AZ9: =AL9 -> 4 | BA9: =MIN(AT9-Z9,IF(AW9>=AZ10*4, IF(AW9>=AZ10*4^2, IF(AW9>=AZ10*4^3, IF(AW9>=AZ10*4^4, IF(AW9>=AZ10*4^5, IF(AW9>=AZ10*4^6, IF(AW9>=AZ10*4^7, IF(AW9>=AZ10*4^8, IF(AW9>=AZ10*4^9, IF(AW9>=AZ10*4^10, 9), 8), 7), 6), 5), 4), 3), 2), 1), 0)) -> 4 | BB9: =AZ9*AX9*4^BA9 -> 1024 | BC9: =BB9*AU9 -> 2048 | BD9: =ROUNDUP(IF(R9="Yes",AN9/(2^((BA9)*2)),AN9/(2^(BA9))),0) -> 600 | BE9: =ROUNDUP(BD9/VLOOKUP(H9,'Machine List'!$A$2:$D$219,3,FALSE),0) -> 600 | BF9: =ROUNDUP(BE9/AY9,0) -> 300 | BG9: =BF9*BC9 -> 614400 | BQ9: Fish | BR9: 6 | BS9: =VLOOKUP(BQ9,'Item List'!$A$2:$D$300,2,FALSE) -> 0 | BT9: =VLOOKUP(BQ9,'Item List'!$A$2:$D$300,3,FALSE) -> 3 | BU9: =VLOOKUP(BQ9,'Item List'!$A$2:$D$300,4,FALSE) -> 1 | BY9: Output Rate | BZ9: Proportion Main Output | CA9: Base Output/s | CB9: OC Output/s | CC9: Desired Output/s | CG9: EU Cost p/ Output | CH9: EU Cost p/ Output OC
C10: Fish | D10: =1*I11 -> 600 | E10: Fish Oil | F10: =50*I11 -> 30000 | H10: Output Count | I10: {=match(TRUE,ISBLANK(F10:F22),0)-1} -> 1 | J10: Coil Tier | K10: Glass Tier | AZ10: =AZ9*AX9 -> 4 | BQ10: Fish Oil | BR10: 0 | BS10: =VLOOKUP(BQ10,'Item List'!$A$2:$D$300,2,FALSE) -> 1 | BT10: =VLOOKUP(BQ10,'Item List'!$A$2:$D$300,3,FALSE) -> 3 | BU10: =VLOOKUP(BQ10,'Item List'!$A$2:$D$300,4,FALSE) -> 1 | BY10: =BX10 -> 30000 | BZ10: =BY10/$CF$21 -> 1 | CA10: =1/($CG$8/BZ10) -> 6.25 | CB10: =1/($CH$8/BZ10) -> 100 | CC10: =1/($CI$8/BZ10) -> 1000 | CG10: =BL24/CF6 -> 50.054467 | CH10: =BM24/CF6 -> 78.135467
H11: Recipe Mult. | I11: 600 | J11: 00 - None | K11: 0 | BQ11: Glycerol | BR11: 5000 | BS11: =VLOOKUP(BQ11,'Item List'!$A$2:$D$300,2,FALSE) -> 2 | BT11: =VLOOKUP(BQ11,'Item List'!$A$2:$D$300,3,FALSE) -> 4 | BU11: =VLOOKUP(BQ11,'Item List'!$A$2:$D$300,4,FALSE) -> 2 | BY11: =BX11 -> 5000 | BZ11: =BY11/$CF$21 -> 0.16666667 | CA11: =1/($CG$8/BZ11) -> 1.0416667 | CB11: =1/($CH$8/BZ11) -> 16.666667 | CC11: =1/($CI$8/BZ11) -> 166.66667
BQ12: Hydrogen | BR12: 10000 | BS12: =VLOOKUP(BQ12,'Item List'!$A$2:$D$300,2,FALSE) -> 1 | BT12: =VLOOKUP(BQ12,'Item List'!$A$2:$D$300,3,FALSE) -> 4 | BU12: =VLOOKUP(BQ12,'Item List'!$A$2:$D$300,4,FALSE) -> 1 | BY12: =BX12 -> 10000 | BZ12: =BY12/$CF$21 -> 0.33333333 | CA12: =1/($CG$8/BZ12) -> 2.0833333 | CB12: =1/($CH$8/BZ12) -> 33.333333 | CC12: =1/($CI$8/BZ12) -> 333.33333 | CE12: Base Tier Recipes | CF12: Overclocked Recipes
B13: 03: Fish to Methane | H13: GT++ Centrifuge Multi | I13: =VLOOKUP(H13,'Machine List'!$A$1:$I$300,9,FALSE) -> 25000 | J13: =IF(VLOOKUP(H13,'Machine List'!$A$1:$I$300,5,FALSE)="Multi",IF(VLOOKUP(H13,'Machine List'!$A$1:$I$300,6,FALSE)="Yes",AG13*3*10^Z13,AG13*(2*3)*10^(Z13-1)),0) -> 6 | K13: =J13+IF(ISNUMBER(I13),I13, SWITCH( I13, "1T",1*10^Z13, "2T",2*10^Z13, "3T",3*10^Z13, "4T",4*10^Z13, "4000+500(7O-5)",4000+500*(7*I15-5), 1 ) ) -> 25006 | L13: =IF(VLOOKUP(H13,'Machine List'!$A$1:$I$300,5,FALSE)="Multi",IF(VLOOKUP(H13,'Machine List'!$A$1:$I$300,6,FALSE)="Yes",AU13*3*10^AT13,AU13*(2*3)*10^(AT13-1)),0) -> 60000 | M13: =L13+IF(ISNUMBER(I13),I13, SWITCH( I13, "1T",1*10^AT13, "2T",2*10^AT13, "3T",3*10^AT13, "4T",4*10^AT13, "4000+500(7O-5)",4000+500*(7*I15-5), 1 ) ) -> 85000 | N13: =VLOOKUP(H13,'Machine List'!$A$1:$I$300,8,FALSE) -> 105511 | O13: =IF(ISNUMBER(N13),N13,10^Z13) -> 105511 | P13: =IF(ISNUMBER(N13),N13,10^AT13) -> 105511 | Q13: =VLOOKUP(H13,'Machine List'!$A$1:$B$138,2,FALSE) -> 6T | R13: No | S13: =IF(ISNUMBER(Q13),Q13, SWITCH( Q13, "1",1, "2T",Z13*2, "4T",Z13*4, "6T",Z13*6, "8T",Z13*8, "10T",Z13*10, "12T",Z13*12, "14T",Z13*14, "16T",Z13*16, "2(T+1)",2*(Z13+1), "1T*C",Z13*J15, 1 ) ) -> 6 | T13: No | U13: =IF(OR(T13="No",T13=""),S13,T13) -> 6 | V13: =IF(ISNUMBER(Q13),Q13, SWITCH( Q13, "1",1, "2T",AT13*2, "4T",AT13*4, "6T",AT13*6, "8T",AT13*8, "10T",AT13*10, "12T",AT13*12, "14T",AT13*14, "16T",AT13*16, "2(T+1)",2*(AT13+1), "1T*C",AT13*J15, 1 ) ) -> 30 | W13: =T13 -> No | X13: =IF(OR(W13="No",W13=""),V13,W13) -> 30 | Y13: 01 - LV | Z13: =VLOOKUP(Y13,'Item Helper Sheet'!$A$2:$B$16,2,FALSE) -> 1 | AA13: 5 | AB13: =19.2*20 -> 384 | AC13: =AB13*I15 -> 39936 | AD13: =AA13*AC13 -> 199680 | AF13: =Y13 -> 01 - LV | AG13: 1 | AH13: 1 | AI13: =AH13*8*4^Z13 -> 32 | AJ13: =MIN(ROUNDDOWN(AI13/AL13,0),U13) -> 6 | AK13: =IF(OR(T13="No",T13=""),AG13*S13,AG13*T13) -> 6 | AL13: =ROUNDUP(AA13*VLOOKUP(H13,'Machine List'!$A$2:$D$219,4,FALSE),0) -> 5 | AM13: =AL13*AK13 -> 30 | AN13: =ROUNDUP(AB13*I15,0) -> 39936 | AO13: =ROUNDUP(AN13/VLOOKUP(H13,'Machine List'!$A$2:$D$219,3,FALSE),0) -> 17750 | AP13: =ROUNDUP(AO13/AK13,0) -> 2959 | AQ13: =AM13*AP13 -> 88770 | AS13: 05 - IV | AT13: =VLOOKUP(AS13,'Item Helper Sheet'!$A$2:$B$16,2,FALSE) -> 5 | AU13: =AG13 -> 1 | AV13: 1 | AW13: =AV13*8*4^AT13 -> 8192 | AX13: =MIN(ROUNDDOWN(AW13/AL13,0),X13) -> 30 | AY13: =AX13*AU13 -> 30 | AZ13: =AL13 -> 5 | BA13: =MIN(AT13-Z13,IF(AW13>=AZ14*4, IF(AW13>=AZ14*4^2, IF(AW13>=AZ14*4^3, IF(AW13>=AZ14*4^4, IF(AW13>=AZ14*4^5, IF(AW13>=AZ14*4^6, IF(AW13>=AZ14*4^7, IF(AW13>=AZ14*4^8, IF(AW13>=AZ14*4^9, IF(AW13>=AZ14*4^10, 9), 8), 7), 6), 5), 4), 3), 2), 1), 0)) -> 2 | BB13: =AZ13*AX13*4^BA13 -> 2400 | BC13: =BB13*AU13 -> 2400 | BD13: =ROUNDUP(IF(R13="Yes",AN13/(2^((BA13)*2)),AN13/(2^(BA13))),0) -> 9984 | BE13: =ROUNDUP(BD13/VLOOKUP(H13,'Machine List'!$A$2:$D$219,3,FALSE),0) -> 4438 | BF13: =ROUNDUP(BE13/AY13,0) -> 148 | BG13: =BF13*BC13 -> 355200 | BQ13: Methane | BR13: -8 | BS13: =VLOOKUP(BQ13,'Item List'!$A$2:$D$300,2,FALSE) -> 1 | BT13: =VLOOKUP(BQ13,'Item List'!$A$2:$D$300,3,FALSE) -> 4 | BU13: =VLOOKUP(BQ13,'Item List'!$A$2:$D$300,4,FALSE) -> 2 | CE13: Total Machine Count | CF13: Total Machine Count
C14: Fish | D14: =1*I15 -> 104 | E14: Methane | F14: =48*I15 -> 4992 | H14: Output Count | I14: {=match(TRUE,ISBLANK(F14:F26),0)-1} -> 1 | J14: Coil Tier | K14: Glass Tier | AZ14: =AZ13*AX13 -> 150 | BQ14: Methanol | BR14: 0 | BS14: =VLOOKUP(BQ14,'Item List'!$A$2:$D$300,2,FALSE) -> 1 | BT14: =VLOOKUP(BQ14,'Item List'!$A$2:$D$300,3,FALSE) -> 3 | BU14: =VLOOKUP(BQ14,'Item List'!$A$2:$D$300,4,FALSE) -> 2 | CE14: =BU33 -> 7 | CF14: =BT43 -> 7
H15: Recipe Mult. | I15: 104 | J15: 00 - None | K15: 0 | BQ15: Sodium Dust | BR15: -0.5 | BS15: =VLOOKUP(BQ15,'Item List'!$A$2:$D$300,2,FALSE) -> 1 | BT15: =VLOOKUP(BQ15,'Item List'!$A$2:$D$300,3,FALSE) -> 4 | BU15: =VLOOKUP(BQ15,'Item List'!$A$2:$D$300,4,FALSE) -> 1 | CE15: Total Machine Cost | CF15: Total Machine Cost
CE16: =SUM(CD28:CD33) -> 43346 | CF16: =SUM(CD38:CD43) -> 363800
B17: 04: Methane Breakdown | H17: LCR | I17: =VLOOKUP(H17,'Machine List'!$A$1:$I$300,9,FALSE) -> 4000 | J17: =IF(VLOOKUP(H17,'Machine List'!$A$1:$I$300,5,FALSE)="Multi",IF(VLOOKUP(H17,'Machine List'!$A$1:$I$300,6,FALSE)="Yes",AG17*3*10^Z17,AG17*(2*3)*10^(Z17-1)),0) -> 600 | K17: =J17+IF(ISNUMBER(I17),I17, SWITCH( I17, "1T",1*10^Z17, "2T",2*10^Z17, "3T",3*10^Z17, "4T",4*10^Z17, "4000+500(7O-5)",4000+500*(7*I19-5), 1 ) ) -> 4600 | L17: =IF(VLOOKUP(H17,'Machine List'!$A$1:$I$300,5,FALSE)="Multi",IF(VLOOKUP(H17,'Machine List'!$A$1:$I$300,6,FALSE)="Yes",AU17*3*10^AT17,AU17*(2*3)*10^(AT17-1)),0) -> 600 | M17: =L17+IF(ISNUMBER(I17),I17, SWITCH( I17, "1T",1*10^AT17, "2T",2*10^AT17, "3T",3*10^AT17, "4T",4*10^AT17, "4000+500(7O-5)",4000+500*(7*I19-5), 1 ) ) -> 4600 | N17: =VLOOKUP(H17,'Machine List'!$A$1:$I$300,8,FALSE) -> Tier | O17: =IF(ISNUMBER(N17),N17,10^Z17) -> 1000 | P17: =IF(ISNUMBER(N17),N17,10^AT17) -> 1000 | Q17: =VLOOKUP(H17,'Machine List'!$A$1:$B$138,2,FALSE) -> 1 | R17: Yes | S17: =IF(ISNUMBER(Q17),Q17, SWITCH( Q17, "1",1, "2T",Z17*2, "4T",Z17*4, "6T",Z17*6, "8T",Z17*8, "10T",Z17*10, "12T",Z17*12, "14T",Z17*14, "16T",Z17*16, "2(T+1)",2*(Z17+1), "1T*C",Z17*J19, 1 ) ) -> 1 | T17: No | U17: =IF(OR(T17="No",T17=""),S17,T17) -> 1 | V17: =IF(ISNUMBER(Q17),Q17, SWITCH( Q17, "1",1, "2T",AT17*2, "4T",AT17*4, "6T",AT17*6, "8T",AT17*8, "10T",AT17*10, "12T",AT17*12, "14T",AT17*14, "16T",AT17*16, "2(T+1)",2*(AT17+1), "1T*C",AT17*J19, 1 ) ) -> 1 | W17: =T17 -> No | X17: =IF(OR(W17="No",W17=""),V17,W17) -> 1 | Y17: 03 - HV | Z17: =VLOOKUP(Y17,'Item Helper Sheet'!$A$2:$B$16,2,FALSE) -> 3 | AA17: 480 | AB17: =10*20 -> 200 | AC17: =AB17*I19 -> 200 | AD17: =AA17*AC17 -> 96000 | AF17: =Y17 -> 03 - HV | AG17: 1 | AH17: 1 | AI17: =AH17*8*4^Z17 -> 512 | AJ17: =MIN(ROUNDDOWN(AI17/AL17,0),U17) -> 1 | AK17: =IF(OR(T17="No",T17=""),AG17*S17,AG17*T17) -> 1 | AL17: =ROUNDUP(AA17*VLOOKUP(H17,'Machine List'!$A$2:$D$219,4,FALSE),0) -> 480 | AM17: =AL17*AK17 -> 480 | AN17: =ROUNDUP(AB17*I19,0) -> 200 | AO17: =ROUNDUP(AN17/VLOOKUP(H17,'Machine List'!$A$2:$D$219,3,FALSE),0) -> 200 | AP17: =ROUNDUP(AO17/AK17,0) -> 200 | AQ17: =AM17*AP17 -> 96000 | AS17: 03 - HV | AT17: =VLOOKUP(AS17,'Item Helper Sheet'!$A$2:$B$16,2,FALSE) -> 3 | AU17: =AG17 -> 1 | AV17: 1 | AW17: =AV17*8*4^AT17 -> 512 | AX17: =MIN(ROUNDDOWN(AW17/AL17,0),X17) -> 1 | AY17: =AX17*AU17 -> 1 | AZ17: =AL17 -> 480 | BA17: =MIN(AT17-Z17,IF(AW17>=AZ18*4, IF(AW17>=AZ18*4^2, IF(AW17>=AZ18*4^3, IF(AW17>=AZ18*4^4, IF(AW17>=AZ18*4^5, IF(AW17>=AZ18*4^6, IF(AW17>=AZ18*4^7, IF(AW17>=AZ18*4^8, IF(AW17>=AZ18*4^9, IF(AW17>=AZ18*4^10, 9), 8), 7), 6), 5), 4), 3), 2), 1), 0)) -> 0 | BB17: =AZ17*AX17*4^BA17 -> 480 | BC17: =BB17*AU17 -> 480 | BD17: =ROUNDUP(IF(R17="Yes",AN17/(2^((BA17)*2)),AN17/(2^(BA17))),0) -> 200 | BE17: =ROUNDUP(BD17/VLOOKUP(H17,'Machine List'!$A$2:$D$219,3,FALSE),0) -> 200 | BF17: =ROUNDUP(BE17/AY17,0) -> 200 | BG17: =BF17*BC17 -> 96000 | BK17: Recipes | BL17: EU Cost | BM17: OC EU Cost | BN17: Recipes | BO17: Time (t) | BP17: OC Time (t) | BQ17: Recipes | BR17: TierMin | BS17: SUM of OC Tier Number | BT17: SUM of Post-Paral. OC | CE17: Highest Starting Cost | CF17: Highest Starting Cost
C18: Methane | D18: =5000*I19 -> 5000 | E18: Hydrogen | F18: =30000*I19 -> 30000 | H18: Output Count | I18: {=match(TRUE,ISBLANK(F18:F30),0)-1} -> 2 | J18: Coil Tier | K18: Glass Tier | AZ18: =AZ17*AX17 -> 480 | BK18: 01: Automated Fishing | BL18: 1163264 | BM18: 1163264 | BN18: 01: Automated Fishing | BO18: 4544 | BP18: 284 | BQ18: 01: Automated Fishing | BR18: 3 | BS18: 5 | BT18: 2 | CE18: =CE35 -> 1405511 | CF18: =CE45 -> 1405511
C19: Distilled Water | D19: =5000*I19 -> 5000 | E19: Carbon Monoxide | F19: =5000*I19 -> 5000 | H19: Recipe Mult. | I19: 1 | J19: 00 - None | K19: 0 | BK19: 02: Fish to Oil | BL19: 38400 | BM19: 614400 | BN19: 02: Fish to Oil | BO19: 4800 | BP19: 300 | BQ19: 02: Fish to Oil | BR19: 1 | BS19: 5 | BT19: 4
BK20: 03: Fish to Methane | BL20: 88770 | BM20: 355200 | BN20: 03: Fish to Methane | BO20: 2959 | BP20: 148 | BQ20: 03: Fish to Methane | BR20: 1 | BS20: 5 | BT20: 2 | CE20: Fuel Type | CF20: Output Amount | CG20: Fuel Value/L | CH20: Generator Efficiency
B21: 05: Methanol Synthesis | H21: LCR | I21: =VLOOKUP(H21,'Machine List'!$A$1:$I$300,9,FALSE) -> 4000 | J21: =IF(VLOOKUP(H21,'Machine List'!$A$1:$I$300,5,FALSE)="Multi",IF(VLOOKUP(H21,'Machine List'!$A$1:$I$300,6,FALSE)="Yes",AG21*3*10^Z21,AG21*(2*3)*10^(Z21-1)),0) -> 60 | K21: =J21+IF(ISNUMBER(I21),I21, SWITCH( I21, "1T",1*10^Z21, "2T",2*10^Z21, "3T",3*10^Z21, "4T",4*10^Z21, "4000+500(7O-5)",4000+500*(7*I23-5), 1 ) ) -> 4060 | L21: =IF(VLOOKUP(H21,'Machine List'!$A$1:$I$300,5,FALSE)="Multi",IF(VLOOKUP(H21,'Machine List'!$A$1:$I$300,6,FALSE)="Yes",AU21*3*10^AT21,AU21*(2*3)*10^(AT21-1)),0) -> 600 | M21: =L21+IF(ISNUMBER(I21),I21, SWITCH( I21, "1T",1*10^AT21, "2T",2*10^AT21, "3T",3*10^AT21, "4T",4*10^AT21, "4000+500(7O-5)",4000+500*(7*I23-5), 1 ) ) -> 4600 | N21: =VLOOKUP(H21,'Machine List'!$A$1:$I$300,8,FALSE) -> Tier | O21: =IF(ISNUMBER(N21),N21,10^Z21) -> 100 | P21: =IF(ISNUMBER(N21),N21,10^AT21) -> 1000 | Q21: =VLOOKUP(H21,'Machine List'!$A$1:$B$138,2,FALSE) -> 1 | R21: Yes | S21: =IF(ISNUMBER(Q21),Q21, SWITCH( Q21, "1",1, "2T",Z21*2, "4T",Z21*4, "6T",Z21*6, "8T",Z21*8, "10T",Z21*10, "12T",Z21*12, "14T",Z21*14, "16T",Z21*16, "2(T+1)",2*(Z21+1), "1T*C",Z21*J23, 1 ) ) -> 1 | T21: No | U21: =IF(OR(T21="No",T21=""),S21,T21) -> 1 | V21: =IF(ISNUMBER(Q21),Q21, SWITCH( Q21, "1",1, "2T",AT21*2, "4T",AT21*4, "6T",AT21*6, "8T",AT21*8, "10T",AT21*10, "12T",AT21*12, "14T",AT21*14, "16T",AT21*16, "2(T+1)",2*(AT21+1), "1T*C",AT21*J23, 1 ) ) -> 1 | W21: =T21 -> No | X21: =IF(OR(W21="No",W21=""),V21,W21) -> 1 | Y21: 02 - MV | Z21: =VLOOKUP(Y21,'Item Helper Sheet'!$A$2:$B$16,2,FALSE) -> 2 | AA21: 96 | AB21: =6*20 -> 120 | AC21: =AB21*I23 -> 600 | AD21: =AA21*AC21 -> 57600 | AF21: =Y21 -> 02 - MV | AG21: 1 | AH21: 1 | AI21: =AH21*8*4^Z21 -> 128 | AJ21: =MIN(ROUNDDOWN(AI21/AL21,0),U21) -> 1 | AK21: =IF(OR(T21="No",T21=""),AG21*S21,AG21*T21) -> 1 | AL21: =ROUNDUP(AA21*VLOOKUP(H21,'Machine List'!$A$2:$D$219,4,FALSE),0) -> 96 | AM21: =AL21*AK21 -> 96 | AN21: =ROUNDUP(AB21*I23,0) -> 600 | AO21: =ROUNDUP(AN21/VLOOKUP(H21,'Machine List'!$A$2:$D$219,3,FALSE),0) -> 600 | AP21: =ROUNDUP(AO21/AK21,0) -> 600 | AQ21: =AM21*AP21 -> 57600 | AS21: 03 - HV | AT21: =VLOOKUP(AS21,'Item Helper Sheet'!$A$2:$B$16,2,FALSE) -> 3 | AU21: =AG21 -> 1 | AV21: 1 | AW21: =AV21*8*4^AT21 -> 512 | AX21: =MIN(ROUNDDOWN(AW21/AL21,0),X21) -> 1 | AY21: =AX21*AU21 -> 1 | AZ21: =AL21 -> 96 | BA21: =MIN(AT21-Z21,IF(AW21>=AZ22*4, IF(AW21>=AZ22*4^2, IF(AW21>=AZ22*4^3, IF(AW21>=AZ22*4^4, IF(AW21>=AZ22*4^5, IF(AW21>=AZ22*4^6, IF(AW21>=AZ22*4^7, IF(AW21>=AZ22*4^8, IF(AW21>=AZ22*4^9, IF(AW21>=AZ22*4^10, 9), 8), 7), 6), 5), 4), 3), 2), 1), 0)) -> 1 | BB21: =AZ21*AX21*4^BA21 -> 384 | BC21: =BB21*AU21 -> 384 | BD21: =ROUNDUP(IF(R21="Yes",AN21/(2^((BA21)*2)),AN21/(2^(BA21))),0) -> 150 | BE21: =ROUNDUP(BD21/VLOOKUP(H21,'Machine List'!$A$2:$D$219,3,FALSE),0) -> 150 | BF21: =ROUNDUP(BE21/AY21,0) -> 150 | BG21: =BF21*BC21 -> 57600 | BK21: 04: Methane Breakdown | BL21: 96000 | BM21: 96000 | BN21: 04: Methane Breakdown | BO21: 200 | BP21: 200 | BQ21: 04: Methane Breakdown | BR21: 3 | BS21: 3 | BT21: 0 | CE21: =CE6 -> Bio Diesel | CF21: =CF6 -> 30000 | CG21: 320 | CH21: 1.5
C22: Hydrogen | D22: =4000*I23 -> 20000 | E22: Methanol | F22: =1000*I23 -> 5000 | H22: Output Count | I22: {=match(TRUE,ISBLANK(F22:F34),0)-1} -> 1 | J22: Coil Tier | K22: Glass Tier | AZ22: =AZ21*AX21 -> 96 | BK22: 05: Methanol Synthesis | BL22: 57600 | BM22: 57600 | BN22: 05: Methanol Synthesis | BO22: 600 | BP22: 150 | BQ22: 05: Methanol Synthesis | BR22: 2 | BS22: 3 | BT22: 1 | CE22: Energy Produced | CF22: Energy Consumed (OC) | CG22: Line EU Efficiency
C23: Carbon Monoxide | D23: =1000*I23 -> 5000 | H23: Recipe Mult. | I23: 5 | J23: 00 - None | K23: 0 | BK23: 06: Bio Diesel Production | BL23: 57600 | BM23: 57600 | BN23: 06: Bio Diesel Production | BO23: 600 | BP23: 150 | BQ23: 06: Bio Diesel Production | BR23: 2 | BS23: 3 | BT23: 1 | CE23: =CF21*CG21*CH21 -> 14400000 | CF23: =BM24 -> 2344064 | CG23: =1-(CF23/CE23) -> 0.83721778
BK24: Grand Total | BL24: 1501634 | BM24: 2344064 | CE24: Net Powergen | CF24: Max Recipe Time | CG24: Net Powergen/t
B25: 06: Bio Diesel Production | H25: LCR | I25: =VLOOKUP(H25,'Machine List'!$A$1:$I$300,9,FALSE) -> 4000 | J25: =IF(VLOOKUP(H25,'Machine List'!$A$1:$I$300,5,FALSE)="Multi",IF(VLOOKUP(H25,'Machine List'!$A$1:$I$300,6,FALSE)="Yes",AG25*3*10^Z25,AG25*(2*3)*10^(Z25-1)),0) -> 60 | K25: =J25+IF(ISNUMBER(I25),I25, SWITCH( I25, "1T",1*10^Z25, "2T",2*10^Z25, "3T",3*10^Z25, "4T",4*10^Z25, "4000+500(7O-5)",4000+500*(7*I27-5), 1 ) ) -> 4060 | L25: =IF(VLOOKUP(H25,'Machine List'!$A$1:$I$300,5,FALSE)="Multi",IF(VLOOKUP(H25,'Machine List'!$A$1:$I$300,6,FALSE)="Yes",AU25*3*10^AT25,AU25*(2*3)*10^(AT25-1)),0) -> 600 | M25: =L25+IF(ISNUMBER(I25),I25, SWITCH( I25, "1T",1*10^AT25, "2T",2*10^AT25, "3T",3*10^AT25, "4T",4*10^AT25, "4000+500(7O-5)",4000+500*(7*I27-5), 1 ) ) -> 4600 | N25: =VLOOKUP(H25,'Machine List'!$A$1:$I$300,8,FALSE) -> Tier | O25: =IF(ISNUMBER(N25),N25,10^Z25) -> 100 | P25: =IF(ISNUMBER(N25),N25,10^AT25) -> 1000 | Q25: =VLOOKUP(H25,'Machine List'!$A$1:$B$138,2,FALSE) -> 1 | R25: Yes | S25: =IF(ISNUMBER(Q25),Q25, SWITCH( Q25, "1",1, "2T",Z25*2, "4T",Z25*4, "6T",Z25*6, "8T",Z25*8, "10T",Z25*10, "12T",Z25*12, "14T",Z25*14, "16T",Z25*16, "2(T+1)",2*(Z25+1), "1T*C",Z25*J27, 1 ) ) -> 1 | T25: No | U25: =IF(OR(T25="No",T25=""),S25,T25) -> 1 | V25: =IF(ISNUMBER(Q25),Q25, SWITCH( Q25, "1",1, "2T",AT25*2, "4T",AT25*4, "6T",AT25*6, "8T",AT25*8, "10T",AT25*10, "12T",AT25*12, "14T",AT25*14, "16T",AT25*16, "2(T+1)",2*(AT25+1), "1T*C",AT25*J27, 1 ) ) -> 1 | W25: =T25 -> No | X25: =IF(OR(W25="No",W25=""),V25,W25) -> 1 | Y25: 02 - MV | Z25: =VLOOKUP(Y25,'Item Helper Sheet'!$A$2:$B$16,2,FALSE) -> 2 | AA25: 96 | AB25: =6*20 -> 120 | AC25: =AB25*I27 -> 600 | AD25: =AA25*AC25 -> 57600 | AF25: =Y25 -> 02 - MV | AG25: 1 | AH25: 1 | AI25: =AH25*8*4^Z25 -> 128 | AJ25: =MIN(ROUNDDOWN(AI25/AL25,0),U25) -> 1 | AK25: =IF(OR(T25="No",T25=""),AG25*S25,AG25*T25) -> 1 | AL25: =ROUNDUP(AA25*VLOOKUP(H25,'Machine List'!$A$2:$D$219,4,FALSE),0) -> 96 | AM25: =AL25*AK25 -> 96 | AN25: =ROUNDUP(AB25*I27,0) -> 600 | AO25: =ROUNDUP(AN25/VLOOKUP(H25,'Machine List'!$A$2:$D$219,3,FALSE),0) -> 600 | AP25: =ROUNDUP(AO25/AK25,0) -> 600 | AQ25: =AM25*AP25 -> 57600 | AS25: 03 - HV | AT25: =VLOOKUP(AS25,'Item Helper Sheet'!$A$2:$B$16,2,FALSE) -> 3 | AU25: =AG25 -> 1 | AV25: 1 | AW25: =AV25*8*4^AT25 -> 512 | AX25: =MIN(ROUNDDOWN(AW25/AL25,0),X25) -> 1 | AY25: =AX25*AU25 -> 1 | AZ25: =AL25 -> 96 | BA25: =MIN(AT25-Z25,IF(AW25>=AZ26*4, IF(AW25>=AZ26*4^2, IF(AW25>=AZ26*4^3, IF(AW25>=AZ26*4^4, IF(AW25>=AZ26*4^5, IF(AW25>=AZ26*4^6, IF(AW25>=AZ26*4^7, IF(AW25>=AZ26*4^8, IF(AW25>=AZ26*4^9, IF(AW25>=AZ26*4^10, 9), 8), 7), 6), 5), 4), 3), 2), 1), 0)) -> 1 | BB25: =AZ25*AX25*4^BA25 -> 384 | BC25: =BB25*AU25 -> 384 | BD25: =ROUNDUP(IF(R25="Yes",AN25/(2^((BA25)*2)),AN25/(2^(BA25))),0) -> 150 | BE25: =ROUNDUP(BD25/VLOOKUP(H25,'Machine List'!$A$2:$D$219,3,FALSE),0) -> 150 | BF25: =ROUNDUP(BE25/AY25,0) -> 150 | BG25: =BF25*BC25 -> 57600 | CE25: =CE23-CF23 -> 12055936 | CF25: =BP25 -> 300 | CG25: =CE25/CF25 -> 40186.453
C26: Fish Oil | D26: =6000*I27 -> 30000 | E26: Bio Diesel | F26: =6000*I27 -> 30000 | H26: Output Count | I26: {=match(TRUE,ISBLANK(F26:F38),0)-1} -> 2 | J26: Coil Tier | K26: Glass Tier | AZ26: =AZ25*AX25 -> 96
C27: Methanol | D27: =1000*I27 -> 5000 | E27: Glycerol | F27: =1000*I27 -> 5000 | H27: Recipe Mult. | I27: 5 | J27: 00 - None | K27: 0 | BK27: Base Machine Count | BL27: Machine Type | BQ27: Machines per Tier | BR27: Recipe Tier | BW27: SUM of Total Parallels | BX27: Recipe Tier | CC27: Recipes | CD27: Machine Cost p/ Recipe | CE27: Machine Start. Cost
C28: Sodium Dust | D28: =0.1*I27 -> 0.5 | BK28: Recipes | BL28: Fluid Extractor | BM28: GT++ Centrifuge Multi | BN28: LCR | BO28: Zhuhai | BQ28: Machine Type | BR28: 01 - LV | BS28: 02 - MV | BT28: 03 - HV | BU28: Grand Total | BW28: Machine Type | BX28: 01 - LV | BY28: 02 - MV | BZ28: 03 - HV | CA28: Grand Total | CC28: 01: Automated Fishing | CD28: 5600 | CE28: 1405511
BK29: 01: Automated Fishing | BO29: 1 | BQ29: Fluid Extractor | BR29: 2 | BU29: 2 | BW29: Fluid Extractor | BX29: 2 | CA29: 2 | CC29: 02: Fish to Oil | CD29: 20 | CE29: 10
BK30: 02: Fish to Oil | BL30: 2 | BQ30: GT++ Centrifuge Multi | BR30: 1 | BU30: 1 | BW30: GT++ Centrifuge Multi | BX30: 6 | CA30: 6 | CC30: 03: Fish to Methane | CD30: 25006 | CE30: 105511
C31: Bio Diesel | E31: Sodium Dust | G31: The 1st recipe, with the Zhuhai, is an approximation of speed and EU consumption. | BK31: 03: Fish to Methane | BM31: 1 | BQ31: LCR | BS31: 2 | BT31: 1 | BU31: 3 | BW31: LCR | BY31: 2 | BZ31: 1 | CA31: 3 | CC31: 04: Methane Breakdown | CD31: 4600 | CE31: 1000
C32: Glycerol | E32: Distilled Water | G32: The actual recipe varies multiple times with energy tier and has a lot of randomness. | BK32: 04: Methane Breakdown | BN32: 1 | BQ32: Zhuhai | BT32: 1 | BU32: 1 | BW32: Zhuhai | BZ32: 1 | CA32: 1 | CC32: 05: Methanol Synthesis | CD32: 4060 | CE32: 100
G33: I ran the Zhuhai for a few minutes in HV, IV and ZPM and approximated the "expected" recipe. | BK33: 05: Methanol Synthesis | BN33: 1 | BQ33: Grand Total | BR33: 3 | BS33: 2 | BT33: 2 | BU33: 7 | BW33: Grand Total | BX33: 8 | BY33: 2 | BZ33: 2 | CA33: 12 | CC33: 06: Bio Diesel Production | CD33: 4060 | CE33: 100
G34: GT++ Fish Catchers fish once every 100 seconds and fish are not guaranteed. | BK34: 06: Bio Diesel Production | BN34: 1
BK35: Grand Total | BL35: 2 | BM35: 1 | BN35: 3 | BO35: 1
BK37: OC Machine Count | BL37: Machine Type | BQ37: SUM of OC Mac. Count | BR37: OC Tier | BW37: SUM of OC Total Parallels | BX37: Recipe Tier | CC37: Recipes | CD37: Machine Cost p/ OC Recipe | CE37: OC Machine Start. Cost
BK38: Recipes | BL38: Fluid Extractor | BM38: GT++ Centrifuge Multi | BN38: LCR | BO38: Zhuhai | BQ38: Machine Type | BR38: 03 - HV | BS38: 05 - IV | BT38: Grand Total | BW38: Machine Type | BX38: 01 - LV | BY38: 02 - MV | BZ38: 03 - HV | CA38: Grand Total | CC38: 01: Automated Fishing | CD38: 65000 | CE38: 1405511
BK39: 01: Automated Fishing | BO39: 1 | BQ39: Fluid Extractor | BS39: 2 | BT39: 2 | BW39: Fluid Extractor | BX39: 2 | CA39: 2 | CC39: 02: Fish to Oil | CD39: 200000 | CE39: 100000
BK40: 02: Fish to Oil | BL40: 2 | BQ40: GT++ Centrifuge Multi | BS40: 1 | BT40: 1 | BW40: GT++ Centrifuge Multi | BX40: 30 | CA40: 30 | CC40: 03: Fish to Methane | CD40: 85000 | CE40: 105511
BK41: 03: Fish to Methane | BM41: 1 | BQ41: LCR | BR41: 3 | BT41: 3 | BW41: LCR | BY41: 2 | BZ41: 1 | CA41: 3 | CC41: 04: Methane Breakdown | CD41: 4600 | CE41: 1000
BK42: 04: Methane Breakdown | BN42: 1 | BQ42: Zhuhai | BS42: 1 | BT42: 1 | BW42: Zhuhai | BZ42: 1 | CA42: 1 | CC42: 05: Methanol Synthesis | CD42: 4600 | CE42: 1000
BK43: 05: Methanol Synthesis | BN43: 1 | BQ43: Grand Total | BR43: 3 | BS43: 4 | BT43: 7 | BW43: Grand Total | BX43: 32 | BY43: 2 | BZ43: 2 | CA43: 36 | CC43: 06: Bio Diesel Production | CD43: 4600 | CE43: 1000
BK44: 06: Bio Diesel Production | BN44: 1
BK45: Grand Total | BL45: 2 | BM45: 1 | BN45: 3 | BO45: 1
B48: Line for Cetane-Boosted Diesel using Bio Diesel | BI48: <- Recipes | BK48: Line for Cetane-Boosted Diesel using Bio Diesel
B49: This is the Diesel version of Cetane-Boosted Diesel, sourced from Oil processing with additives. The other option uses Biodiesel. | BI49: Math -> | BK49: This is the Diesel version of Cetane-Boosted Diesel, sourced from Oil processing with additives. The other option uses Biodiesel.
B51: Recipes | C51: Inputs | D51: Input(L) | E51: Outputs | F51: Output(L) | H51: Machine Type | I51: Mach. Cost Formula | J51: Energy Hatch Cost | K51: Machine Cost | L51: OC Energy Hatch Cost | M51: OC Machine Cost | N51: Mach. Start. Cost Form. | O51: Machine Start. Cost | P51: OC Machine Start. Cost | Q51: Parallel Formula | R51: Perfect OC | S51: Parallels | T51: Specific Parallels | U51: Actual Parallels | V51: OC Parallels | W51: Sp. OC Parallels | X51: Act. OC Parallels | Y51: Recipe Tier | Z51: Tier Number | AA51: Recipe EU/t | AB51: Recipe Time (t) | AC51: Mult. Time (t) | AD51: EU Cost | AF51: Base Tier | AG51: Machine Count | AH51: Amps per Machine | AI51: Total EU/t Input | AJ51: Possible Parallels | AK51: Total Parallels | AL51: Bonused EU/t | AM51: Consumed EU/t | AN51: Base Time (t) | AO51: Bonused Time (t) | AP51: Final Time (t) | AQ51: Final EU Cost | AS51: OC Tier | AT51: OC Tier Number | AU51: OC Mac. Count | AV51: OC Amps p/Machine | AW51: OC Total EU/t Input | AX51: OC Poss. Parallels | AY51: OC Total Parallels | AZ51: OC Starting EU/t | BA51: Post-Paral. OC | BB51: OC Machin. EU/t | BC51: OC Total EU/t | BD51: OC Base Time (t) | BE51: OC Bonus Time (t) | BF51: OC Final Time (t) | BG51: OC EU Cost
B52: 01: Automated Fishing | H52: Zhuhai | I52: =VLOOKUP(H52,'Machine List'!$A$1:$I$300,9,FALSE) -> 5000 | J52: =IF(VLOOKUP(H52,'Machine List'!$A$1:$I$300,5,FALSE)="Multi",IF(VLOOKUP(H52,'Machine List'!$A$1:$I$300,6,FALSE)="Yes",AG52*3*10^Z52,AG52*(2*3)*10^(Z52-1)),0) -> 1200 | K52: =J52+IF(ISNUMBER(I52),I52, SWITCH( I52, "1T",1*10^Z52, "2T",2*10^Z52, "3T",3*10^Z52, "4T",4*10^Z52, "4000+500(7O-5)",4000+500*(7*I54-5), 1 ) ) -> 6200 | L52: =IF(VLOOKUP(H52,'Machine List'!$A$1:$I$300,5,FALSE)="Multi",IF(VLOOKUP(H52,'Machine List'!$A$1:$I$300,6,FALSE)="Yes",AU52*3*10^AT52,AU52*(2*3)*10^(AT52-1)),0) -> 120000 | M52: =L52+IF(ISNUMBER(I52),I52, SWITCH( I52, "1T",1*10^AT52, "2T",2*10^AT52, "3T",3*10^AT52, "4T",4*10^AT52, "4000+500(7O-5)",4000+500*(7*I54-5), 1 ) ) -> 125000 | N52: =VLOOKUP(H52,'Machine List'!$A$1:$I$300,8,FALSE) -> 1405511 | O52: =IF(ISNUMBER(N52),N52,10^Z52) -> 1405511 | P52: =IF(ISNUMBER(N52),N52,10^AT52) -> 1405511 | Q52: =VLOOKUP(H52,'Machine List'!$A$1:$B$138,2,FALSE) -> 1 | R52: Yes | S52: =IF(ISNUMBER(Q52),Q52, SWITCH( Q52, "1",1, "2T",Z52*2, "4T",Z52*4, "6T",Z52*6, "8T",Z52*8, "10T",Z52*10, "12T",Z52*12, "14T",Z52*14, "16T",Z52*16, "2(T+1)",2*(Z52+1), "1T*C",Z52*J54, 1 ) ) -> 1 | T52: No | U52: =IF(OR(T52="No",T52=""),S52,T52) -> 1 | V52: =IF(ISNUMBER(Q52),Q52, SWITCH( Q52, "1",1, "2T",AT52*2, "4T",AT52*4, "6T",AT52*6, "8T",AT52*8, "10T",AT52*10, "12T",AT52*12, "14T",AT52*14, "16T",AT52*16, "2(T+1)",2*(AT52+1), "1T*C",AT52*J54, 1 ) ) -> 1 | W52: =T52 -> No | X52: =IF(OR(W52="No",W52=""),V52,W52) -> 1 | Y52: 03 - HV | Z52: =VLOOKUP(Y52,'Item Helper Sheet'!$A$2:$B$16,2,FALSE) -> 3 | AA52: 256 | AB52: =3.2*20 -> 64 | AC52: =AB52*I54 -> 15744 | AD52: =AA52*AC52 -> 4030464 | AF52: =Y52 -> 03 - HV | AG52: 2 | AH52: 1 | AI52: =AH52*8*4^Z52 -> 512 | AJ52: =MIN(ROUNDDOWN(AI52/AL52,0),U52) -> 1 | AK52: =AJ52*AG52 -> 2 | AL52: =ROUNDUP(AA52*VLOOKUP(H52,'Machine List'!$A$2:$D$219,4,FALSE),0) -> 256 | AM52: =AL52*AK52 -> 512 | AN52: =ROUNDUP(AB52*I54,0) -> 15744 | AO52: =ROUNDUP(AN52/VLOOKUP(H52,'Machine List'!$A$2:$D$219,3,FALSE),0) -> 15744 | AP52: =ROUNDUP(AO52/AK52,0) -> 7872 | AQ52: =AM52*AP52 -> 4030464 | AS52: 05 - IV | AT52: =VLOOKUP(AS52,'Item Helper Sheet'!$A$2:$B$16,2,FALSE) -> 5 | AU52: =AG52 -> 2 | AV52: 1 | AW52: =AV52*8*4^AT52 -> 8192 | AX52: =MIN(ROUNDDOWN(AW52/AL52,0),X52) -> 1 | AY52: =AX52*AU52 -> 2 | AZ52: =AL52 -> 256 | BA52: =MIN(AT52-Z52,IF(AW52>=AZ53*4, IF(AW52>=AZ53*4^2, IF(AW52>=AZ53*4^3, IF(AW52>=AZ53*4^4, IF(AW52>=AZ53*4^5, IF(AW52>=AZ53*4^6, IF(AW52>=AZ53*4^7, IF(AW52>=AZ53*4^8, IF(AW52>=AZ53*4^9, IF(AW52>=AZ53*4^10, 9), 8), 7), 6), 5), 4), 3), 2), 1), 0)) -> 2 | BB52: =AZ52*AX52*4^BA52 -> 4096 | BC52: =BB52*AU52 -> 8192 | BD52: =ROUNDUP(IF(R52="Yes",AN52/(2^((BA52)*2)),AN52/(2^(BA52))),0) -> 984 | BE52: =ROUNDUP(BD52/VLOOKUP(H52,'Machine List'!$A$2:$D$219,3,FALSE),0) -> 984 | BF52: =ROUNDUP(BE52/AY52,0) -> 492 | BG52: =BF52*BC52 -> 4030464 | BQ52: Inputs | BR52: Amount Produced | BS52: Tier | BT52: Importance | BU52: Rarity | CE52: Main Output | CF52: Output Amount | CG52: Current Output/s | CH52: Current Output/s OC | CI52: Desired Output/s
E53: Fish | F53: =10*I54 -> 2460 | H53: Output Count | I53: {=match(TRUE,ISBLANK(F53:F65),0)-1} -> 1 | J53: Coil Tier | K53: Glass Tier | AZ53: =AZ52*AX52 -> 256 | BQ53: Acetic Acid | BR53: 0 | BS53: =VLOOKUP(BQ53,'Item List'!$A$2:$D$300,2,FALSE) -> 1 | BT53: =VLOOKUP(BQ53,'Item List'!$A$2:$D$300,3,FALSE) -> 4 | BU53: =VLOOKUP(BQ53,'Item List'!$A$2:$D$300,4,FALSE) -> 2 | CE53: Cetane-Boosted Diesel | CF53: =VLOOKUP(CE53,BQ53:BR73,2,FALSE) -> 90000 | CG53: =CF68/BO90*20 -> 151.74507 | CH53: =CF68/BP90*20 -> 3030.303 | CI53: 1000
H54: Recipe Mult. | I54: 246 | J54: 00 - None | K54: 0 | BQ54: Ammonia | BR54: 0 | BS54: =VLOOKUP(BQ54,'Item List'!$A$2:$D$300,2,FALSE) -> 3 | BT54: =VLOOKUP(BQ54,'Item List'!$A$2:$D$300,3,FALSE) -> 5 | BU54: =VLOOKUP(BQ54,'Item List'!$A$2:$D$300,4,FALSE) -> 2 | CG54: Time Per Output | CH54: Time per Output OC | CI54: Desired Output Time
BQ55: Bio Diesel | BR55: 2000 | BS55: =VLOOKUP(BQ55,'Item List'!$A$2:$D$300,2,FALSE) -> 2 | BT55: =VLOOKUP(BQ55,'Item List'!$A$2:$D$300,3,FALSE) -> 3 | BU55: =VLOOKUP(BQ55,'Item List'!$A$2:$D$300,4,FALSE) -> 3 | CG55: =BO90/CF53 -> 0.1318 | CH55: =BP90/CF53 -> 0.0066 | CI55: =1/CI53*20 -> 0.02
B56: 02: Fish to Oil | H56: Fluid Extractor | I56: =VLOOKUP(H56,'Machine List'!$A$1:$I$300,9,FALSE) -> 1T | J56: =IF(VLOOKUP(H56,'Machine List'!$A$1:$I$300,5,FALSE)="Multi",IF(VLOOKUP(H56,'Machine List'!$A$1:$I$300,6,FALSE)="Yes",AG56*3*10^Z56,AG56*(2*3)*10^(Z56-1)),0) -> 0 | K56: =J56+IF(ISNUMBER(I56),I56, SWITCH( I56, "1T",1*10^Z56, "2T",2*10^Z56, "3T",3*10^Z56, "4T",4*10^Z56, "4000+500(7O-5)",4000+500*(7*I58-5), 1 ) ) -> 10 | L56: =IF(VLOOKUP(H56,'Machine List'!$A$1:$I$300,5,FALSE)="Multi",IF(VLOOKUP(H56,'Machine List'!$A$1:$I$300,6,FALSE)="Yes",AU56*3*10^AT56,AU56*(2*3)*10^(AT56-1)),0) -> 0 | M56: =L56+IF(ISNUMBER(I56),I56, SWITCH( I56, "1T",1*10^AT56, "2T",2*10^AT56, "3T",3*10^AT56, "4T",4*10^AT56, "4000+500(7O-5)",4000+500*(7*I58-5), 1 ) ) -> 100000 | N56: =VLOOKUP(H56,'Machine List'!$A$1:$I$300,8,FALSE) -> Tier | O56: =IF(ISNUMBER(N56),N56,10^Z56) -> 10 | P56: =IF(ISNUMBER(N56),N56,10^AT56) -> 100000 | Q56: =VLOOKUP(H56,'Machine List'!$A$1:$B$138,2,FALSE) -> 1 | R56: No | S56: =IF(ISNUMBER(Q56),Q56, SWITCH( Q56, "1",1, "2T",Z56*2, "4T",Z56*4, "6T",Z56*6, "8T",Z56*8, "10T",Z56*10, "12T",Z56*12, "14T",Z56*14, "16T",Z56*16, "2(T+1)",2*(Z56+1), "1T*C",Z56*J58, 1 ) ) -> 1 | T56: No | U56: =IF(OR(T56="No",T56=""),S56,T56) -> 1 | V56: =IF(ISNUMBER(Q56),Q56, SWITCH( Q56, "1",1, "2T",AT56*2, "4T",AT56*4, "6T",AT56*6, "8T",AT56*8, "10T",AT56*10, "12T",AT56*12, "14T",AT56*14, "16T",AT56*16, "2(T+1)",2*(AT56+1), "1T*C",AT56*J58, 1 ) ) -> 1 | W56: =T56 -> No | X56: =IF(OR(W56="No",W56=""),V56,W56) -> 1 | Y56: 01 - LV | Z56: =VLOOKUP(Y56,'Item Helper Sheet'!$A$2:$B$16,2,FALSE) -> 1 | AA56: 4 | AB56: =0.8*20 -> 16 | AC56: =AB56*I58 -> 32640 | AD56: =AA56*AC56 -> 130560 | AF56: =Y56 -> 01 - LV | AG56: 4 | AH56: 1 | AI56: =AH56*8*4^Z56 -> 32 | AJ56: =MIN(ROUNDDOWN(AI56/AL56,0),U56) -> 1 | AK56: =IF(OR(T56="No",T56=""),AG56*S56,AG56*T56) -> 4 | AL56: =ROUNDUP(AA56*VLOOKUP(H56,'Machine List'!$A$2:$D$219,4,FALSE),0) -> 4 | AM56: =AL56*AK56 -> 16 | AN56: =ROUNDUP(AB56*I58,0) -> 32640 | AO56: =ROUNDUP(AN56/VLOOKUP(H56,'Machine List'!$A$2:$D$219,3,FALSE),0) -> 32640 | AP56: =ROUNDUP(AO56/AK56,0) -> 8160 | AQ56: =AM56*AP56 -> 130560 | AS56: 05 - IV | AT56: =VLOOKUP(AS56,'Item Helper Sheet'!$A$2:$B$16,2,FALSE) -> 5 | AU56: =AG56 -> 4 | AV56: 1 | AW56: =AV56*8*4^AT56 -> 8192 | AX56: =MIN(ROUNDDOWN(AW56/AL56,0),X56) -> 1 | AY56: =AX56*AU56 -> 4 | AZ56: =AL56 -> 4 | BA56: =MIN(AT56-Z56,IF(AW56>=AZ57*4, IF(AW56>=AZ57*4^2, IF(AW56>=AZ57*4^3, IF(AW56>=AZ57*4^4, IF(AW56>=AZ57*4^5, IF(AW56>=AZ57*4^6, IF(AW56>=AZ57*4^7, IF(AW56>=AZ57*4^8, IF(AW56>=AZ57*4^9, IF(AW56>=AZ57*4^10, 9), 8), 7), 6), 5), 4), 3), 2), 1), 0)) -> 4 | BB56: =AZ56*AX56*4^BA56 -> 1024 | BC56: =BB56*AU56 -> 4096 | BD56: =ROUNDUP(IF(R56="Yes",AN56/(2^((BA56)*2)),AN56/(2^(BA56))),0) -> 2040 | BE56: =ROUNDUP(BD56/VLOOKUP(H56,'Machine List'!$A$2:$D$219,3,FALSE),0) -> 2040 | BF56: =ROUNDUP(BE56/AY56,0) -> 510 | BG56: =BF56*BC56 -> 2088960 | BQ56: Carbon Monoxide | BR56: -1000 | BS56: =VLOOKUP(BQ56,'Item List'!$A$2:$D$300,2,FALSE) -> 1 | BT56: =VLOOKUP(BQ56,'Item List'!$A$2:$D$300,3,FALSE) -> 3 | BU56: =VLOOKUP(BQ56,'Item List'!$A$2:$D$300,4,FALSE) -> 2 | CG56: EU Cost p/ Output | CH56: EU Cost p/ Output OC
C57: Fish | D57: =1*I58 -> 2040 | E57: Fish Oil | F57: =50*I58 -> 102000 | H57: Output Count | I57: {=match(TRUE,ISBLANK(F57:F69),0)-1} -> 1 | J57: Coil Tier | K57: Glass Tier | AZ57: =AZ56*AX56 -> 4 | BQ57: Cetane-Boosted Diesel | BR57: 90000 | BS57: =VLOOKUP(BQ57,'Item List'!$A$2:$D$300,2,FALSE) -> 3 | BT57: =VLOOKUP(BQ57,'Item List'!$A$2:$D$300,3,FALSE) -> 4 | BU57: =VLOOKUP(BQ57,'Item List'!$A$2:$D$300,4,FALSE) -> 3 | CG57: =BL89/CF53 -> 93.640933 | CH57: =BM89/CF53 -> 168.0896
H58: Recipe Mult. | I58: 2040 | J58: 00 - None | K58: 0 | BQ58: Diluted Sulfuric Acid | BR58: -40 | BS58: =VLOOKUP(BQ58,'Item List'!$A$2:$D$300,2,FALSE) -> 1 | BT58: =VLOOKUP(BQ58,'Item List'!$A$2:$D$300,3,FALSE) -> 4 | BU58: =VLOOKUP(BQ58,'Item List'!$A$2:$D$300,4,FALSE) -> 2
BQ59: Distilled Water | BR59: -20000 | BS59: =VLOOKUP(BQ59,'Item List'!$A$2:$D$300,2,FALSE) -> 1 | BT59: =VLOOKUP(BQ59,'Item List'!$A$2:$D$300,3,FALSE) -> 4 | BU59: =VLOOKUP(BQ59,'Item List'!$A$2:$D$300,4,FALSE) -> 1 | CE59: Base Tier Recipes | CF59: Overclocked Recipes
B60: 03: Fish to Methane | H60: GT++ Centrifuge Multi | I60: =VLOOKUP(H60,'Machine List'!$A$1:$I$300,9,FALSE) -> 25000 | J60: =IF(VLOOKUP(H60,'Machine List'!$A$1:$I$300,5,FALSE)="Multi",IF(VLOOKUP(H60,'Machine List'!$A$1:$I$300,6,FALSE)="Yes",AG60*3*10^Z60,AG60*(2*3)*10^(Z60-1)),0) -> 6 | K60: =J60+IF(ISNUMBER(I60),I60, SWITCH( I60, "1T",1*10^Z60, "2T",2*10^Z60, "3T",3*10^Z60, "4T",4*10^Z60, "4000+500(7O-5)",4000+500*(7*I62-5), 1 ) ) -> 25006 | L60: =IF(VLOOKUP(H60,'Machine List'!$A$1:$I$300,5,FALSE)="Multi",IF(VLOOKUP(H60,'Machine List'!$A$1:$I$300,6,FALSE)="Yes",AU60*3*10^AT60,AU60*(2*3)*10^(AT60-1)),0) -> 60000 | M60: =L60+IF(ISNUMBER(I60),I60, SWITCH( I60, "1T",1*10^AT60, "2T",2*10^AT60, "3T",3*10^AT60, "4T",4*10^AT60, "4000+500(7O-5)",4000+500*(7*I62-5), 1 ) ) -> 85000 | N60: =VLOOKUP(H60,'Machine List'!$A$1:$I$300,8,FALSE) -> 105511 | O60: =IF(ISNUMBER(N60),N60,10^Z60) -> 105511 | P60: =IF(ISNUMBER(N60),N60,10^AT60) -> 105511 | Q60: =VLOOKUP(H60,'Machine List'!$A$1:$B$138,2,FALSE) -> 6T | R60: No | S60: =IF(ISNUMBER(Q60),Q60, SWITCH( Q60, "1",1, "2T",Z60*2, "4T",Z60*4, "6T",Z60*6, "8T",Z60*8, "10T",Z60*10, "12T",Z60*12, "14T",Z60*14, "16T",Z60*16, "2(T+1)",2*(Z60+1), "1T*C",Z60*J62, 1 ) ) -> 6 | T60: No | U60: =IF(OR(T60="No",T60=""),S60,T60) -> 6 | V60: =IF(ISNUMBER(Q60),Q60, SWITCH( Q60, "1",1, "2T",AT60*2, "4T",AT60*4, "6T",AT60*6, "8T",AT60*8, "10T",AT60*10, "12T",AT60*12, "14T",AT60*14, "16T",AT60*16, "2(T+1)",2*(AT60+1), "1T*C",AT60*J62, 1 ) ) -> 30 | W60: =T60 -> No | X60: =IF(OR(W60="No",W60=""),V60,W60) -> 30 | Y60: 01 - LV | Z60: =VLOOKUP(Y60,'Item Helper Sheet'!$A$2:$B$16,2,FALSE) -> 1 | AA60: 5 | AB60: =19.2*20 -> 384 | AC60: =AB60*I62 -> 160128 | AD60: =AA60*AC60 -> 800640 | AF60: =Y60 -> 01 - LV | AG60: 1 | AH60: 1 | AI60: =AH60*8*4^Z60 -> 32 | AJ60: =MIN(ROUNDDOWN(AI60/AL60,0),U60) -> 6 | AK60: =IF(OR(T60="No",T60=""),AG60*S60,AG60*T60) -> 6 | AL60: =ROUNDUP(AA60*VLOOKUP(H60,'Machine List'!$A$2:$D$219,4,FALSE),0) -> 5 | AM60: =AL60*AK60 -> 30 | AN60: =ROUNDUP(AB60*I62,0) -> 160128 | AO60: =ROUNDUP(AN60/VLOOKUP(H60,'Machine List'!$A$2:$D$219,3,FALSE),0) -> 71168 | AP60: =ROUNDUP(AO60/AK60,0) -> 11862 | AQ60: =AM60*AP60 -> 355860 | AS60: 05 - IV | AT60: =VLOOKUP(AS60,'Item Helper Sheet'!$A$2:$B$16,2,FALSE) -> 5 | AU60: =AG60 -> 1 | AV60: 1 | AW60: =AV60*8*4^AT60 -> 8192 | AX60: =MIN(ROUNDDOWN(AW60/AL60,0),X60) -> 30 | AY60: =AX60*AU60 -> 30 | AZ60: =AL60 -> 5 | BA60: =MIN(AT60-Z60,IF(AW60>=AZ61*4, IF(AW60>=AZ61*4^2, IF(AW60>=AZ61*4^3, IF(AW60>=AZ61*4^4, IF(AW60>=AZ61*4^5, IF(AW60>=AZ61*4^6, IF(AW60>=AZ61*4^7, IF(AW60>=AZ61*4^8, IF(AW60>=AZ61*4^9, IF(AW60>=AZ61*4^10, 9), 8), 7), 6), 5), 4), 3), 2), 1), 0)) -> 2 | BB60: =AZ60*AX60*4^BA60 -> 2400 | BC60: =BB60*AU60 -> 2400 | BD60: =ROUNDUP(IF(R60="Yes",AN60/(2^((BA60)*2)),AN60/(2^(BA60))),0) -> 40032 | BE60: =ROUNDUP(BD60/VLOOKUP(H60,'Machine List'!$A$2:$D$219,3,FALSE),0) -> 17792 | BF60: =ROUNDUP(BE60/AY60,0) -> 594 | BG60: =BF60*BC60 -> 1425600 | BQ60: Ethenone | BR60: 0 | BS60: =VLOOKUP(BQ60,'Item List'!$A$2:$D$300,2,FALSE) -> 2 | BT60: =VLOOKUP(BQ60,'Item List'!$A$2:$D$300,3,FALSE) -> 4 | BU60: =VLOOKUP(BQ60,'Item List'!$A$2:$D$300,4,FALSE) -> 2 | CE60: Total Machine Count | CF60: Total Machine Count
C61: Fish | D61: =1*I62 -> 417 | E61: Methane | F61: =48*I62 -> 20016 | H61: Output Count | I61: {=match(TRUE,ISBLANK(F61:F73),0)-1} -> 1 | J61: Coil Tier | K61: Glass Tier | AZ61: =AZ60*AX60 -> 150 | BQ61: Fish | BR61: 3 | BS61: =VLOOKUP(BQ61,'Item List'!$A$2:$D$300,2,FALSE) -> 0 | BT61: =VLOOKUP(BQ61,'Item List'!$A$2:$D$300,3,FALSE) -> 3 | BU61: =VLOOKUP(BQ61,'Item List'!$A$2:$D$300,4,FALSE) -> 1 | CE61: =BU99 -> 17 | CF61: =BU116 -> 17
H62: Recipe Mult. | I62: 417 | J62: 00 - None | K62: 0 | BQ62: Fish Oil | BR62: 0 | BS62: =VLOOKUP(BQ62,'Item List'!$A$2:$D$300,2,FALSE) -> 1 | BT62: =VLOOKUP(BQ62,'Item List'!$A$2:$D$300,3,FALSE) -> 3 | BU62: =VLOOKUP(BQ62,'Item List'!$A$2:$D$300,4,FALSE) -> 1 | CE62: Total Machine Cost | CF62: Total Machine Cost
BQ63: Glycerol | BR63: 17000 | BS63: =VLOOKUP(BQ63,'Item List'!$A$2:$D$300,2,FALSE) -> 2 | BT63: =VLOOKUP(BQ63,'Item List'!$A$2:$D$300,3,FALSE) -> 4 | BU63: =VLOOKUP(BQ63,'Item List'!$A$2:$D$300,4,FALSE) -> 2 | CE63: =SUM(CD93:CD105) -> 75508 | CF63: =SUM(CD110:CD122) -> 946600
B64: 04: Methane Breakdown | H64: LCR | I64: =VLOOKUP(H64,'Machine List'!$A$1:$I$300,9,FALSE) -> 4000 | J64: =IF(VLOOKUP(H64,'Machine List'!$A$1:$I$300,5,FALSE)="Multi",IF(VLOOKUP(H64,'Machine List'!$A$1:$I$300,6,FALSE)="Yes",AG64*3*10^Z64,AG64*(2*3)*10^(Z64-1)),0) -> 600 | K64: =J64+IF(ISNUMBER(I64),I64, SWITCH( I64, "1T",1*10^Z64, "2T",2*10^Z64, "3T",3*10^Z64, "4T",4*10^Z64, "4000+500(7O-5)",4000+500*(7*I66-5), 1 ) ) -> 4600 | L64: =IF(VLOOKUP(H64,'Machine List'!$A$1:$I$300,5,FALSE)="Multi",IF(VLOOKUP(H64,'Machine List'!$A$1:$I$300,6,FALSE)="Yes",AU64*3*10^AT64,AU64*(2*3)*10^(AT64-1)),0) -> 6000 | M64: =L64+IF(ISNUMBER(I64),I64, SWITCH( I64, "1T",1*10^AT64, "2T",2*10^AT64, "3T",3*10^AT64, "4T",4*10^AT64, "4000+500(7O-5)",4000+500*(7*I66-5), 1 ) ) -> 10000 | N64: =VLOOKUP(H64,'Machine List'!$A$1:$I$300,8,FALSE) -> Tier | O64: =IF(ISNUMBER(N64),N64,10^Z64) -> 1000 | P64: =IF(ISNUMBER(N64),N64,10^AT64) -> 10000 | Q64: =VLOOKUP(H64,'Machine List'!$A$1:$B$138,2,FALSE) -> 1 | R64: Yes | S64: =IF(ISNUMBER(Q64),Q64, SWITCH( Q64, "1",1, "2T",Z64*2, "4T",Z64*4, "6T",Z64*6, "8T",Z64*8, "10T",Z64*10, "12T",Z64*12, "14T",Z64*14, "16T",Z64*16, "2(T+1)",2*(Z64+1), "1T*C",Z64*J66, 1 ) ) -> 1 | T64: No | U64: =IF(OR(T64="No",T64=""),S64,T64) -> 1 | V64: =IF(ISNUMBER(Q64),Q64, SWITCH( Q64, "1",1, "2T",AT64*2, "4T",AT64*4, "6T",AT64*6, "8T",AT64*8, "10T",AT64*10, "12T",AT64*12, "14T",AT64*14, "16T",AT64*16, "2(T+1)",2*(AT64+1), "1T*C",AT64*J66, 1 ) ) -> 1 | W64: =T64 -> No | X64: =IF(OR(W64="No",W64=""),V64,W64) -> 1 | Y64: 03 - HV | Z64: =VLOOKUP(Y64,'Item Helper Sheet'!$A$2:$B$16,2,FALSE) -> 3 | AA64: 480 | AB64: =10*20 -> 200 | AC64: =AB64*I66 -> 800 | AD64: =AA64*AC64 -> 384000 | AF64: =Y64 -> 03 - HV | AG64: 1 | AH64: 1 | AI64: =AH64*8*4^Z64 -> 512 | AJ64: =MIN(ROUNDDOWN(AI64/AL64,0),U64) -> 1 | AK64: =IF(OR(T64="No",T64=""),AG64*S64,AG64*T64) -> 1 | AL64: =ROUNDUP(AA64*VLOOKUP(H64,'Machine List'!$A$2:$D$219,4,FALSE),0) -> 480 | AM64: =AL64*AK64 -> 480 | AN64: =ROUNDUP(AB64*I66,0) -> 800 | AO64: =ROUNDUP(AN64/VLOOKUP(H64,'Machine List'!$A$2:$D$219,3,FALSE),0) -> 800 | AP64: =ROUNDUP(AO64/AK64,0) -> 800 | AQ64: =AM64*AP64 -> 384000 | AS64: 04 - EV | AT64: =VLOOKUP(AS64,'Item Helper Sheet'!$A$2:$B$16,2,FALSE) -> 4 | AU64: =AG64 -> 1 | AV64: 1 | AW64: =AV64*8*4^AT64 -> 2048 | AX64: =MIN(ROUNDDOWN(AW64/AL64,0),X64) -> 1 | AY64: =AX64*AU64 -> 1 | AZ64: =AL64 -> 480 | BA64: =MIN(AT64-Z64,IF(AW64>=AZ65*4, IF(AW64>=AZ65*4^2, IF(AW64>=AZ65*4^3, IF(AW64>=AZ65*4^4, IF(AW64>=AZ65*4^5, IF(AW64>=AZ65*4^6, IF(AW64>=AZ65*4^7, IF(AW64>=AZ65*4^8, IF(AW64>=AZ65*4^9, IF(AW64>=AZ65*4^10, 9), 8), 7), 6), 5), 4), 3), 2), 1), 0)) -> 1 | BB64: =AZ64*AX64*4^BA64 -> 1920 | BC64: =BB64*AU64 -> 1920 | BD64: =ROUNDUP(IF(R64="Yes",AN64/(2^((BA64)*2)),AN64/(2^(BA64))),0) -> 200 | BE64: =ROUNDUP(BD64/VLOOKUP(H64,'Machine List'!$A$2:$D$219,3,FALSE),0) -> 200 | BF64: =ROUNDUP(BE64/AY64,0) -> 200 | BG64: =BF64*BC64 -> 384000 | BQ64: Hydrogen | BR64: -4000 | BS64: =VLOOKUP(BQ64,'Item List'!$A$2:$D$300,2,FALSE) -> 1 | BT64: =VLOOKUP(BQ64,'Item List'!$A$2:$D$300,3,FALSE) -> 4 | BU64: =VLOOKUP(BQ64,'Item List'!$A$2:$D$300,4,FALSE) -> 1 | CE64: Highest Starting Cost | CF64: Highest Starting Cost
C65: Methane | D65: =5000*I66 -> 20000 | E65: Hydrogen | F65: =30000*I66 -> 120000 | H65: Output Count | I65: {=match(TRUE,ISBLANK(F65:F77),0)-1} -> 2 | J65: Coil Tier | K65: Glass Tier | AZ65: =AZ64*AX64 -> 480 | BQ65: Methane | BR65: 16 | BS65: =VLOOKUP(BQ65,'Item List'!$A$2:$D$300,2,FALSE) -> 1 | BT65: =VLOOKUP(BQ65,'Item List'!$A$2:$D$300,3,FALSE) -> 4 | BU65: =VLOOKUP(BQ65,'Item List'!$A$2:$D$300,4,FALSE) -> 2 | BY65: Input Rate | BZ65: Proportion Main Output | CA65: Base Input/s | CB65: OC Input/s | CC65: Desired Input/s | CE65: =CE107 -> 105511 | CF65: =CE124 -> 1405511
C66: Distilled Water | D66: =5000*I66 -> 20000 | E66: Carbon Monoxide | F66: =5000*I66 -> 20000 | H66: Recipe Mult. | I66: 4 | J66: 00 - None | K66: 0 | BQ66: Methanol | BR66: 0 | BS66: =VLOOKUP(BQ66,'Item List'!$A$2:$D$300,2,FALSE) -> 1 | BT66: =VLOOKUP(BQ66,'Item List'!$A$2:$D$300,3,FALSE) -> 3 | BU66: =VLOOKUP(BQ66,'Item List'!$A$2:$D$300,4,FALSE) -> 2 | BY66: =VLOOKUP(BW66,$BK$53:$BL$73,2) -> 20000 | BZ66: =BY66/$CF$53 -> 0.22222222 | CA66: =$CG$53*BZ66 -> 33.721126 | CB66: =$CH$53*BZ66 -> 673.40067 | CC66: =$CI$53*BZ66 -> 222.22222
BQ67: Nitric Acid | BR67: 0 | BS67: =VLOOKUP(BQ67,'Item List'!$A$2:$D$300,2,FALSE) -> 3 | BT67: =VLOOKUP(BQ67,'Item List'!$A$2:$D$300,3,FALSE) -> 5 | BU67: =VLOOKUP(BQ67,'Item List'!$A$2:$D$300,4,FALSE) -> 2 | BY67: =VLOOKUP(BW67,$BK$53:$BL$73,2) -> 16000 | BZ67: =BY67/$CF$53 -> 0.17777778 | CA67: =$CG$53*BZ67 -> 26.976901 | CB67: =$CH$53*BZ67 -> 538.72054 | CC67: =$CI$53*BZ67 -> 177.77778 | CE67: Fuel Type | CF67: Output Amount | CG67: Fuel Value/L | CH67: Generator Efficiency
